,Instance,Clear,Start Time,End Time,Duration,Deaths
0,0,False,2022-01-04 21:05:41,2022-01-04 21:08:26,0:02:45,13
1,0,False,2022-01-04 21:11:57,2022-01-04 21:14:45,0:02:48,9
2,0,False,2022-01-04 21:16:03,2022-01-04 21:18:50,0:02:47,13
3,0,False,2022-01-04 21:19:44,2022-01-04 21:22:25,0:02:41,11
4,0,False,2022-01-04 21:23:23,2022-01-04 21:27:02,0:03:39,13
5,0,False,2022-01-04 21:27:40,2022-01-04 21:30:21,0:02:41,8
6,0,False,2022-01-04 21:31:00,2022-01-04 21:33:48,0:02:48,9
7,0,False,2022-01-04 21:35:51,2022-01-04 21:38:32,0:02:41,9
8,0,False,2022-01-04 21:39:20,2022-01-04 21:42:02,0:02:42,8
9,0,False,2022-01-04 21:44:53,2022-01-04 21:47:40,0:02:47,9
10,0,False,2022-01-04 21:48:22,2022-01-04 21:51:03,0:02:41,8
11,0,False,2022-01-04 21:53:33,2022-01-04 21:58:56,0:05:23,14
12,0,False,2022-01-04 22:00:08,2022-01-04 22:04:15,0:04:07,10
13,0,False,2022-01-04 22:04:45,2022-01-04 22:07:15,0:02:30,8
14,0,False,2022-01-04 22:10:23,2022-01-04 22:12:50,0:02:27,9
15,0,False,2022-01-04 22:31:43,2022-01-04 22:33:19,0:01:36,8
16,0,False,2022-01-04 22:33:44,2022-01-04 22:38:58,0:05:14,10
17,0,False,2022-01-04 22:40:03,2022-01-04 22:45:20,0:05:17,10
18,0,False,2022-01-04 22:46:03,2022-01-04 22:52:06,0:06:03,11
19,0,False,2022-01-04 22:53:01,2022-01-04 22:54:03,0:01:02,8
20,0,False,2022-01-04 22:54:29,2022-01-04 22:57:10,0:02:41,8
21,0,False,2022-01-04 22:57:36,2022-01-04 22:58:48,0:01:12,10
22,0,False,2022-01-04 22:59:14,2022-01-04 23:04:42,0:05:28,9
23,0,False,2022-01-04 23:08:32,2022-01-04 23:09:42,0:01:10,10
24,0,False,2022-01-04 23:10:13,2022-01-04 23:15:31,0:05:18,13
25,0,False,2022-01-04 23:17:24,2022-01-04 23:18:24,0:01:00,8
26,0,False,2022-01-04 23:30:51,2022-01-04 23:33:32,0:02:41,10
27,0,False,2022-01-04 23:34:43,2022-01-04 23:41:08,0:06:25,9
28,0,False,2022-01-04 23:41:54,2022-01-04 23:44:32,0:02:38,8
29,0,False,2022-01-04 23:45:03,2022-01-04 23:50:21,0:05:18,15
30,0,False,2022-01-04 23:51:18,2022-01-04 23:56:35,0:05:17,11
31,0,False,2022-01-04 23:58:34,2022-01-05 00:04:07,0:05:33,12
32,0,False,2022-01-05 00:14:41,2022-01-05 00:17:27,0:02:46,10
33,0,False,2022-01-05 00:18:15,2022-01-05 00:21:00,0:02:45,11
34,0,False,2022-01-05 00:21:38,2022-01-05 00:22:43,0:01:05,8
35,0,False,2022-01-05 00:28:21,2022-01-05 00:30:50,0:02:29,10
36,0,False,2022-01-05 00:38:28,2022-01-05 00:41:15,0:02:47,10
37,0,False,2022-01-05 00:41:53,2022-01-05 00:47:10,0:05:17,8
38,0,False,2022-01-05 00:48:34,2022-01-05 00:49:29,0:00:55,8
39,0,True,2022-01-05 01:01:27,2022-01-05 01:11:10,0:09:43,5
40,0,False,2022-01-05 20:29:17,2022-01-05 20:29:50,0:00:33,8
41,0,False,2022-01-05 20:30:20,2022-01-05 20:33:16,0:02:56,9
42,0,False,2022-01-05 20:34:16,2022-01-05 20:36:58,0:02:42,8
43,0,False,2022-01-05 20:37:34,2022-01-05 20:42:51,0:05:17,11
44,0,False,2022-01-05 20:43:23,2022-01-05 20:48:40,0:05:17,7
45,0,False,2022-01-05 20:50:20,2022-01-05 20:55:37,0:05:17,8
46,0,False,2022-01-05 20:56:18,2022-01-05 21:01:26,0:05:08,8
47,0,False,2022-01-05 21:10:21,2022-01-05 21:17:06,0:06:45,10
48,0,False,2022-01-05 21:17:47,2022-01-05 21:20:39,0:02:52,8
49,0,False,2022-01-05 21:21:03,2022-01-05 21:27:40,0:06:37,10
50,0,False,2022-01-05 21:28:20,2022-01-05 21:34:59,0:06:39,8
51,0,True,2022-01-05 21:35:41,2022-01-05 21:45:17,0:09:36,2
141,0,False,2022-01-14 18:18:27,2022-01-14 18:21:18,0:02:51,11
142,0,False,2022-01-14 18:22:59,2022-01-14 18:25:52,0:02:53,8
143,0,False,2022-01-14 18:26:26,2022-01-14 18:31:34,0:05:08,9
144,0,False,2022-01-14 18:33:03,2022-01-14 18:38:23,0:05:20,8
145,0,False,2022-01-14 18:41:22,2022-01-14 18:46:40,0:05:18,12
146,0,False,2022-01-14 18:48:34,2022-01-14 18:51:22,0:02:48,8
147,0,False,2022-01-14 18:52:08,2022-01-14 18:58:33,0:06:25,17
148,0,False,2022-01-14 19:01:39,2022-01-14 19:04:19,0:02:40,10
149,0,False,2022-01-14 19:05:22,2022-01-14 19:10:40,0:05:18,8
150,0,True,2022-01-14 19:13:36,2022-01-14 19:23:33,0:09:57,3
211,0,True,2022-01-21 18:04:13,2022-01-21 18:13:07,0:08:54,1
284,0,False,2022-01-28 18:06:17,2022-01-28 18:11:35,0:05:18,8
285,0,True,2022-01-28 18:12:11,2022-01-28 18:21:54,0:09:43,10
328,0,False,2022-02-04 18:01:48,2022-02-04 18:02:53,0:01:05,9
329,0,True,2022-02-04 18:03:20,2022-02-04 18:11:33,0:08:13,1
368,0,False,2022-02-11 18:04:39,2022-02-11 18:09:53,0:05:14,9
369,0,True,2022-02-11 18:11:29,2022-02-11 18:19:49,0:08:20,1
514,0,True,2022-03-04 18:05:30,2022-03-04 18:14:00,0:08:30,6
590,0,True,2022-03-18 18:05:35,2022-03-18 18:13:20,0:07:45,0
623,0,False,2022-03-25 18:10:48,2022-03-25 18:12:17,0:01:29,8
624,0,False,2022-03-25 18:13:22,2022-03-25 18:14:18,0:00:56,8
625,0,True,2022-03-25 18:14:45,2022-03-25 18:22:33,0:07:48,0
660,0,True,2022-04-01 18:23:19,2022-04-01 18:30:49,0:07:30,0
692,0,False,2022-04-08 18:33:20,2022-04-08 18:36:21,0:03:01,8
693,0,False,2022-04-08 18:38:10,2022-04-08 18:43:35,0:05:25,8
694,0,True,2022-04-08 18:44:20,2022-04-08 18:51:59,0:07:39,0
842,0,False,2022-04-29 18:19:01,2022-04-29 18:21:58,0:02:57,8
843,0,False,2022-04-29 18:23:59,2022-04-29 18:26:52,0:02:53,10
844,0,True,2022-04-29 18:27:25,2022-04-29 18:35:12,0:07:47,1
895,0,True,2022-05-03 19:57:06,2022-05-03 20:04:42,0:07:36,16
1086,0,True,2022-05-27 18:07:08,2022-05-27 18:14:53,0:07:45,1
1124,0,False,2022-06-25 19:28:14,2022-06-25 19:31:05,0:02:51,11
1125,0,False,2022-06-25 19:33:28,2022-06-25 19:38:47,0:05:19,9
1126,0,False,2022-06-25 19:40:06,2022-06-25 19:42:48,0:02:42,8
1127,0,False,2022-06-25 19:43:15,2022-06-25 19:44:14,0:00:59,8
1128,0,False,2022-06-25 19:44:42,2022-06-25 19:47:25,0:02:43,8
1129,0,False,2022-06-25 19:48:02,2022-06-25 19:49:12,0:01:10,9
1130,0,True,2022-06-25 19:49:38,2022-06-25 19:57:11,0:07:33,0
1131,0,False,2022-07-08 18:23:08,2022-07-08 18:26:56,0:03:48,8
1132,0,False,2022-07-08 18:29:24,2022-07-08 18:32:22,0:02:58,9
1133,0,True,2022-07-08 18:32:48,2022-07-08 18:40:23,0:07:35,0
1264,0,False,2022-08-18 18:39:28,2022-08-18 18:42:34,0:03:06,9
1265,0,False,2022-08-18 18:47:36,2022-08-18 18:50:13,0:02:37,9
1266,0,False,2022-08-18 18:50:46,2022-08-18 18:53:43,0:02:57,9
1267,0,False,2022-08-18 18:55:21,2022-08-18 19:00:40,0:05:19,9
1268,0,False,2022-08-18 19:03:57,2022-08-18 19:09:16,0:05:19,8
1269,0,False,2022-08-18 19:10:42,2022-08-18 19:16:00,0:05:18,8
1270,0,False,2022-08-18 19:20:47,2022-08-18 19:26:07,0:05:20,8
1271,0,False,2022-08-18 19:27:30,2022-08-18 19:28:47,0:01:17,8
1272,0,False,2022-08-18 19:34:09,2022-08-18 19:41:02,0:06:53,8
1273,0,False,2022-08-18 19:43:58,2022-08-18 19:49:17,0:05:19,8
52,1,False,2022-01-05 22:03:15,2022-01-05 22:05:04,0:01:49,10
53,1,False,2022-01-05 22:06:01,2022-01-05 22:07:37,0:01:36,9
54,1,False,2022-01-05 22:08:57,2022-01-05 22:11:32,0:02:35,8
55,1,False,2022-01-05 22:13:26,2022-01-05 22:14:22,0:00:56,8
56,1,False,2022-01-05 22:14:58,2022-01-05 22:17:54,0:02:56,9
57,1,False,2022-01-05 22:18:55,2022-01-05 22:21:50,0:02:55,9
58,1,False,2022-01-05 22:23:31,2022-01-05 22:27:01,0:03:30,10
59,1,False,2022-01-05 22:32:02,2022-01-05 22:35:18,0:03:16,11
60,1,False,2022-01-05 22:35:58,2022-01-05 22:36:05,0:00:07,8
61,1,False,2022-01-05 22:37:14,2022-01-05 22:41:44,0:04:30,14
62,1,False,2022-01-05 22:52:02,2022-01-05 22:54:13,0:02:11,10
63,1,False,2022-01-05 22:54:50,2022-01-05 22:58:08,0:03:18,8
64,1,False,2022-01-05 23:00:34,2022-01-05 23:05:29,0:04:55,11
65,1,False,2022-01-05 23:06:14,2022-01-05 23:10:57,0:04:43,8
66,1,False,2022-01-05 23:12:08,2022-01-05 23:16:48,0:04:40,8
67,1,False,2022-01-05 23:17:58,2022-01-05 23:22:32,0:04:34,9
68,1,False,2022-01-05 23:24:30,2022-01-05 23:29:58,0:05:28,12
69,1,False,2022-01-05 23:41:40,2022-01-05 23:44:40,0:03:00,11
70,1,False,2022-01-05 23:45:08,2022-01-05 23:49:37,0:04:29,9
71,1,False,2022-01-05 23:51:50,2022-01-05 23:52:11,0:00:21,8
72,1,False,2022-01-05 23:53:46,2022-01-05 23:59:35,0:05:49,16
73,1,False,2022-01-06 00:04:03,2022-01-06 00:09:26,0:05:23,15
74,1,False,2022-01-06 00:11:48,2022-01-06 00:16:21,0:04:33,8
75,1,False,2022-01-06 00:19:33,2022-01-06 00:25:12,0:05:39,11
76,1,False,2022-01-06 00:27:15,2022-01-06 00:32:52,0:05:37,15
77,1,False,2022-01-06 00:33:27,2022-01-06 00:33:44,0:00:17,8
78,1,False,2022-01-06 00:36:45,2022-01-06 00:39:34,0:02:49,11
79,1,False,2022-01-06 00:41:34,2022-01-06 00:41:41,0:00:07,8
80,1,False,2022-01-06 00:47:46,2022-01-06 00:53:33,0:05:47,12
81,1,False,2022-01-06 00:58:48,2022-01-06 01:06:02,0:07:14,12
82,1,False,2022-01-06 01:12:49,2022-01-06 01:18:11,0:05:22,11
83,1,False,2022-01-06 01:18:44,2022-01-06 01:23:26,0:04:42,11
84,1,False,2022-01-06 01:24:33,2022-01-06 01:27:23,0:02:50,11
85,1,False,2022-01-06 22:42:04,2022-01-06 22:47:42,0:05:38,12
86,1,False,2022-01-06 22:49:00,2022-01-06 22:55:00,0:06:00,11
87,1,False,2022-01-06 22:58:32,2022-01-06 23:05:14,0:06:42,11
88,1,False,2022-01-06 23:14:59,2022-01-06 23:19:51,0:04:52,12
89,1,False,2022-01-06 23:22:25,2022-01-06 23:30:01,0:07:36,19
90,1,False,2022-01-06 23:34:58,2022-01-06 23:39:39,0:04:41,9
91,1,False,2022-01-06 23:40:31,2022-01-06 23:50:06,0:09:35,23
92,1,False,2022-01-06 23:51:34,2022-01-07 00:00:25,0:08:51,12
93,1,False,2022-01-07 00:01:43,2022-01-07 00:07:06,0:05:23,10
94,1,False,2022-01-07 00:08:58,2022-01-07 00:17:48,0:08:50,17
95,1,False,2022-01-07 00:31:25,2022-01-07 00:35:34,0:04:09,8
96,1,False,2022-01-07 00:37:21,2022-01-07 00:43:15,0:05:54,10
97,1,False,2022-01-07 00:44:14,2022-01-07 00:49:00,0:04:46,10
98,1,False,2022-01-07 00:59:04,2022-01-07 01:01:22,0:02:18,9
99,1,False,2022-01-07 01:02:57,2022-01-07 01:09:31,0:06:34,14
100,1,False,2022-01-07 01:12:20,2022-01-07 01:12:38,0:00:18,8
101,1,False,2022-01-07 01:17:04,2022-01-07 01:22:48,0:05:44,12
102,1,False,2022-01-07 01:30:13,2022-01-07 01:33:01,0:02:48,8
103,1,False,2022-01-07 01:34:32,2022-01-07 01:41:59,0:07:27,11
104,1,False,2022-01-07 01:43:19,2022-01-07 01:49:26,0:06:07,12
105,1,False,2022-01-08 22:19:31,2022-01-08 22:29:48,0:10:17,16
106,1,False,2022-01-08 22:30:24,2022-01-08 22:39:16,0:08:52,10
107,1,False,2022-01-08 22:39:51,2022-01-08 22:41:20,0:01:29,8
108,1,False,2022-01-08 22:41:43,2022-01-08 22:51:20,0:09:37,15
109,1,False,2022-01-08 22:52:08,2022-01-08 22:57:15,0:05:07,10
110,1,False,2022-01-08 22:57:41,2022-01-08 23:02:25,0:04:44,8
111,1,False,2022-01-08 23:02:58,2022-01-08 23:07:50,0:04:52,9
112,1,False,2022-01-08 23:13:47,2022-01-08 23:14:38,0:00:51,8
113,1,False,2022-01-08 23:15:15,2022-01-08 23:15:28,0:00:13,8
114,1,False,2022-01-08 23:15:58,2022-01-08 23:22:37,0:06:39,23
115,1,False,2022-01-08 23:24:31,2022-01-08 23:32:41,0:08:10,18
116,1,False,2022-01-08 23:33:31,2022-01-08 23:42:09,0:08:38,16
117,1,False,2022-01-08 23:44:21,2022-01-08 23:48:59,0:04:38,9
118,1,False,2022-01-08 23:49:34,2022-01-08 23:58:23,0:08:49,16
119,1,False,2022-01-08 23:59:10,2022-01-09 00:05:01,0:05:51,12
120,1,False,2022-01-09 00:05:44,2022-01-09 00:14:29,0:08:45,10
121,1,False,2022-01-09 00:17:40,2022-01-09 00:22:59,0:05:19,14
122,1,False,2022-01-10 18:40:29,2022-01-10 18:45:56,0:05:27,13
123,1,False,2022-01-10 18:46:31,2022-01-10 18:55:22,0:08:51,13
124,1,False,2022-01-10 18:57:38,2022-01-10 19:03:00,0:05:22,12
125,1,False,2022-01-10 19:03:36,2022-01-10 19:06:13,0:02:37,8
126,1,False,2022-01-10 19:06:48,2022-01-10 19:11:26,0:04:38,8
127,1,False,2022-01-10 19:12:04,2022-01-10 19:20:54,0:08:50,9
128,1,False,2022-01-10 19:22:56,2022-01-10 19:32:59,0:10:03,9
129,1,False,2022-01-10 19:33:56,2022-01-10 19:40:40,0:06:44,9
130,1,False,2022-01-10 19:48:34,2022-01-10 19:58:09,0:09:35,11
131,1,False,2022-01-10 19:58:25,2022-01-10 19:58:32,0:00:07,8
132,1,False,2022-01-10 19:59:22,2022-01-10 20:08:12,0:08:50,9
133,1,False,2022-01-10 20:08:49,2022-01-10 20:19:20,0:10:31,15
134,1,False,2022-01-10 20:20:27,2022-01-10 20:23:16,0:02:49,9
135,1,False,2022-01-10 20:23:49,2022-01-10 20:34:20,0:10:31,11
136,1,False,2022-01-10 20:35:16,2022-01-10 20:38:03,0:02:47,8
137,1,False,2022-01-10 20:41:05,2022-01-10 20:43:20,0:02:15,8
138,1,False,2022-01-10 20:44:34,2022-01-10 20:53:25,0:08:51,8
139,1,False,2022-01-10 20:54:22,2022-01-10 21:00:09,0:05:47,9
140,1,True,2022-01-10 21:00:37,2022-01-10 21:10:58,0:10:21,2
151,1,False,2022-01-14 19:37:19,2022-01-14 19:37:30,0:00:11,8
152,1,False,2022-01-14 19:42:35,2022-01-14 19:44:04,0:01:29,9
153,1,False,2022-01-14 19:45:36,2022-01-14 19:47:45,0:02:09,9
154,1,False,2022-01-14 19:48:29,2022-01-14 19:51:48,0:03:19,10
155,1,False,2022-01-14 19:54:37,2022-01-14 19:56:16,0:01:39,8
156,1,False,2022-01-14 19:57:20,2022-01-14 19:58:14,0:00:54,8
157,1,False,2022-01-14 19:59:19,2022-01-14 20:03:47,0:04:28,8
158,1,False,2022-01-15 17:15:52,2022-01-15 17:18:04,0:02:12,11
159,1,False,2022-01-15 17:18:31,2022-01-15 17:24:05,0:05:34,13
160,1,False,2022-01-15 17:25:23,2022-01-15 17:28:07,0:02:44,11
161,1,False,2022-01-15 17:29:50,2022-01-15 17:36:27,0:06:37,16
162,1,False,2022-01-15 17:39:58,2022-01-15 17:42:46,0:02:48,9
163,1,False,2022-01-15 17:43:20,2022-01-15 17:50:17,0:06:57,11
164,1,False,2022-01-15 17:56:32,2022-01-15 18:01:12,0:04:40,11
165,1,False,2022-01-15 18:05:59,2022-01-15 18:12:33,0:06:34,19
166,1,False,2022-01-15 18:13:16,2022-01-15 18:18:07,0:04:51,11
167,1,False,2022-01-15 18:18:53,2022-01-15 18:24:50,0:05:57,12
168,1,False,2022-01-15 18:27:06,2022-01-15 18:34:43,0:07:37,16
169,1,False,2022-01-15 18:40:22,2022-01-15 18:45:54,0:05:32,15
170,1,False,2022-01-15 18:47:14,2022-01-15 18:52:59,0:05:45,8
171,1,False,2022-01-15 18:53:52,2022-01-15 19:00:38,0:06:46,16
172,1,False,2022-01-15 19:02:42,2022-01-15 19:11:32,0:08:50,14
173,1,False,2022-01-15 19:14:47,2022-01-15 19:15:04,0:00:17,8
174,1,False,2022-01-15 19:20:09,2022-01-15 19:26:54,0:06:45,10
175,1,False,2022-01-15 19:27:28,2022-01-15 19:36:21,0:08:53,18
176,1,False,2022-01-15 19:37:29,2022-01-15 19:43:32,0:06:03,17
177,1,False,2022-01-15 19:44:29,2022-01-15 19:54:21,0:09:52,12
178,1,False,2022-01-15 19:55:29,2022-01-15 20:04:21,0:08:52,19
179,1,False,2022-01-15 21:31:03,2022-01-15 21:40:12,0:09:09,11
180,1,False,2022-01-15 21:41:59,2022-01-15 21:51:32,0:09:33,10
181,1,False,2022-01-15 21:56:39,2022-01-15 22:02:21,0:05:42,11
182,1,False,2022-01-15 22:03:02,2022-01-15 22:12:13,0:09:11,9
183,1,False,2022-01-15 22:17:50,2022-01-15 22:27:33,0:09:43,12
184,1,False,2022-01-15 22:28:10,2022-01-15 22:38:41,0:10:31,11
185,1,False,2022-01-15 22:39:54,2022-01-15 22:50:04,0:10:10,13
186,1,False,2022-01-15 22:50:40,2022-01-15 22:59:32,0:08:52,8
187,1,False,2022-01-15 23:00:15,2022-01-15 23:10:08,0:09:53,15
188,1,False,2022-01-15 23:11:10,2022-01-15 23:21:41,0:10:31,8
189,1,False,2022-01-15 23:23:06,2022-01-15 23:28:56,0:05:50,10
190,1,False,2022-01-15 23:29:56,2022-01-15 23:39:14,0:09:18,9
191,1,False,2022-01-16 17:25:17,2022-01-16 17:28:28,0:03:11,11
192,1,False,2022-01-16 17:28:54,2022-01-16 17:31:04,0:02:10,9
193,1,False,2022-01-16 17:31:29,2022-01-16 17:36:14,0:04:45,8
194,1,False,2022-01-16 17:36:41,2022-01-16 17:46:36,0:09:55,14
195,1,False,2022-01-16 17:47:13,2022-01-16 17:53:02,0:05:49,11
196,1,False,2022-01-16 17:53:38,2022-01-16 18:02:26,0:08:48,12
197,1,False,2022-01-16 23:03:00,2022-01-16 23:13:31,0:10:31,11
198,1,False,2022-01-16 23:16:02,2022-01-16 23:26:33,0:10:31,14
199,1,True,2022-01-16 23:27:28,2022-01-16 23:37:32,0:10:04,3
212,1,False,2022-01-21 18:21:31,2022-01-21 18:27:28,0:05:57,16
213,1,False,2022-01-21 18:28:10,2022-01-21 18:33:58,0:05:48,10
214,1,False,2022-01-21 18:35:04,2022-01-21 18:37:19,0:02:15,8
215,1,False,2022-01-21 18:37:50,2022-01-21 18:45:31,0:07:41,10
216,1,False,2022-01-21 18:47:45,2022-01-21 18:47:55,0:00:10,8
217,1,False,2022-01-21 18:48:24,2022-01-21 18:57:15,0:08:51,9
218,1,True,2022-01-21 18:58:45,2022-01-21 19:09:12,0:10:27,3
286,1,False,2022-01-28 18:36:57,2022-01-28 18:42:34,0:05:37,8
287,1,False,2022-01-28 18:43:30,2022-01-28 18:49:11,0:05:41,12
288,1,False,2022-01-28 18:50:40,2022-01-28 18:52:03,0:01:23,9
289,1,False,2022-01-28 18:52:55,2022-01-28 18:55:33,0:02:38,8
290,1,False,2022-01-28 18:56:43,2022-01-28 19:03:23,0:06:40,14
291,1,True,2022-01-29 17:05:17,2022-01-29 17:15:29,0:10:12,3
330,1,True,2022-02-04 18:23:01,2022-02-04 18:32:42,0:09:41,2
370,1,False,2022-02-11 18:28:37,2022-02-11 18:36:05,0:07:28,9
371,1,False,2022-02-11 18:37:07,2022-02-11 18:39:57,0:02:50,8
372,1,False,2022-02-11 18:40:23,2022-02-11 18:45:21,0:04:58,11
373,1,True,2022-02-11 18:47:01,2022-02-11 18:57:18,0:10:17,7
415,1,False,2022-02-18 18:00:25,2022-02-18 18:05:04,0:04:39,9
416,1,False,2022-02-18 18:05:58,2022-02-18 18:14:50,0:08:52,9
417,1,True,2022-02-18 18:16:02,2022-02-18 18:25:57,0:09:55,3
480,1,False,2022-02-25 18:03:59,2022-02-25 18:14:22,0:10:23,12
481,1,False,2022-02-25 18:14:56,2022-02-25 18:19:40,0:04:44,10
482,1,False,2022-02-25 18:20:06,2022-02-25 18:24:44,0:04:38,8
483,1,False,2022-02-25 18:26:50,2022-02-25 18:35:30,0:08:40,8
484,1,True,2022-02-25 18:36:22,2022-02-25 18:46:30,0:10:08,4
515,1,False,2022-03-04 18:23:03,2022-03-04 18:31:54,0:08:51,8
516,1,False,2022-03-04 18:32:52,2022-03-04 18:42:45,0:09:53,9
517,1,False,2022-03-04 18:44:39,2022-03-04 18:46:34,0:01:55,7
518,1,False,2022-03-04 18:47:57,2022-03-04 18:56:37,0:08:40,10
519,1,True,2022-03-04 18:57:13,2022-03-04 19:06:22,0:09:09,0
591,1,False,2022-03-18 18:17:43,2022-03-18 18:22:28,0:04:45,8
592,1,True,2022-03-18 18:24:14,2022-03-18 18:33:27,0:09:13,2
626,1,False,2022-03-25 18:24:59,2022-03-25 18:33:00,0:08:01,11
627,1,False,2022-03-25 18:36:10,2022-03-25 18:36:26,0:00:16,7
628,1,True,2022-03-25 18:37:09,2022-03-25 18:46:14,0:09:05,0
661,1,True,2022-04-01 18:34:50,2022-04-01 18:43:45,0:08:55,2
695,1,False,2022-04-08 18:55:54,2022-04-08 19:04:34,0:08:40,11
696,1,True,2022-04-08 19:05:43,2022-04-08 19:15:21,0:09:38,3
845,1,False,2022-04-29 18:47:05,2022-04-29 18:54:38,0:07:33,13
846,1,False,2022-04-29 18:56:16,2022-04-29 19:05:13,0:08:57,11
847,1,False,2022-04-29 19:07:28,2022-04-29 19:07:57,0:00:29,8
848,1,True,2022-04-29 19:09:57,2022-04-29 19:19:36,0:09:39,5
896,1,True,2022-05-03 20:13:26,2022-05-03 20:22:54,0:09:28,2
1087,1,False,2022-05-27 18:18:36,2022-05-27 18:22:02,0:03:26,8
1088,1,False,2022-05-27 18:22:38,2022-05-27 18:25:31,0:02:53,8
1089,1,False,2022-05-27 18:26:35,2022-05-27 18:33:11,0:06:36,9
1090,1,True,2022-05-27 18:34:51,2022-05-27 18:43:26,0:08:35,1
200,2,False,2022-01-17 00:04:50,2022-01-17 00:05:56,0:01:06,9
201,2,False,2022-01-17 00:08:01,2022-01-17 00:09:28,0:01:27,8
202,2,False,2022-01-17 00:10:40,2022-01-17 00:12:00,0:01:20,8
203,2,False,2022-01-17 00:14:52,2022-01-17 00:15:58,0:01:06,10
204,2,False,2022-01-17 00:16:28,2022-01-17 00:17:55,0:01:27,8
205,2,False,2022-01-17 00:18:27,2022-01-17 00:19:53,0:01:26,8
206,2,False,2022-01-17 00:21:11,2022-01-17 00:22:19,0:01:08,8
207,2,False,2022-01-17 00:22:53,2022-01-17 00:24:15,0:01:22,9
208,2,False,2022-01-17 00:24:56,2022-01-17 00:26:23,0:01:27,8
209,2,False,2022-01-17 00:27:45,2022-01-17 00:30:19,0:02:34,8
210,2,False,2022-01-17 00:30:56,2022-01-17 00:32:25,0:01:29,8
219,2,False,2022-01-21 19:29:02,2022-01-21 19:29:30,0:00:28,8
220,2,False,2022-01-21 19:30:09,2022-01-21 19:31:05,0:00:56,9
221,2,False,2022-01-21 19:31:35,2022-01-21 19:32:42,0:01:07,8
222,2,False,2022-01-21 19:34:03,2022-01-21 19:34:53,0:00:50,8
223,2,False,2022-01-21 19:35:26,2022-01-21 19:36:53,0:01:27,8
224,2,False,2022-01-21 19:39:33,2022-01-21 19:41:15,0:01:42,8
225,2,False,2022-01-21 19:42:08,2022-01-21 19:43:41,0:01:33,9
226,2,False,2022-01-21 19:44:47,2022-01-21 19:46:15,0:01:28,8
227,2,False,2022-01-21 19:47:50,2022-01-21 19:49:17,0:01:27,8
228,2,False,2022-01-21 19:49:51,2022-01-21 19:51:19,0:01:28,8
229,2,False,2022-01-21 19:52:27,2022-01-21 19:54:37,0:02:10,8
230,2,False,2022-01-21 19:55:41,2022-01-21 19:58:54,0:03:13,9
231,2,False,2022-01-21 19:59:31,2022-01-21 19:59:56,0:00:25,6
232,2,False,2022-01-22 17:05:56,2022-01-22 17:06:08,0:00:12,8
233,2,False,2022-01-22 17:10:09,2022-01-22 17:11:50,0:01:41,8
234,2,False,2022-01-22 17:12:36,2022-01-22 17:15:33,0:02:57,9
235,2,False,2022-01-22 17:16:59,2022-01-22 17:19:46,0:02:47,9
236,2,False,2022-01-22 17:20:36,2022-01-22 17:22:27,0:01:51,9
237,2,False,2022-01-22 17:23:12,2022-01-22 17:24:09,0:00:57,8
238,2,False,2022-01-22 17:24:52,2022-01-22 17:26:05,0:01:13,8
239,2,False,2022-01-22 17:26:46,2022-01-22 17:27:49,0:01:03,8
240,2,False,2022-01-22 17:28:32,2022-01-22 17:31:53,0:03:21,8
241,2,False,2022-01-22 17:33:21,2022-01-22 17:34:20,0:00:59,8
242,2,False,2022-01-22 17:35:58,2022-01-22 17:39:36,0:03:38,10
243,2,False,2022-01-22 17:41:31,2022-01-22 17:44:36,0:03:05,8
244,2,False,2022-01-22 17:46:38,2022-01-22 17:48:18,0:01:40,8
245,2,False,2022-01-22 17:48:54,2022-01-22 17:49:55,0:01:01,8
246,2,False,2022-01-22 17:50:46,2022-01-22 17:51:59,0:01:13,8
247,2,False,2022-01-22 17:52:27,2022-01-22 17:53:33,0:01:06,8
248,2,False,2022-01-22 17:55:45,2022-01-22 17:57:21,0:01:36,8
249,2,False,2022-01-22 17:58:18,2022-01-22 18:01:51,0:03:33,10
250,2,False,2022-01-22 18:04:29,2022-01-22 18:08:02,0:03:33,10
251,2,False,2022-01-22 18:09:08,2022-01-22 18:10:44,0:01:36,8
252,2,False,2022-01-22 18:19:48,2022-01-22 18:20:49,0:01:01,8
253,2,False,2022-01-22 18:21:30,2022-01-22 18:24:47,0:03:17,8
254,2,False,2022-01-22 18:25:46,2022-01-22 18:28:32,0:02:46,8
255,2,False,2022-01-22 18:30:18,2022-01-22 18:33:31,0:03:13,8
256,2,False,2022-01-22 18:34:23,2022-01-22 18:38:18,0:03:55,8
257,2,False,2022-01-22 18:40:38,2022-01-22 18:40:48,0:00:10,8
258,2,False,2022-01-22 18:44:12,2022-01-22 18:47:27,0:03:15,8
259,2,False,2022-01-22 18:49:28,2022-01-22 18:53:28,0:04:00,9
260,2,False,2022-01-22 18:54:41,2022-01-22 18:55:37,0:00:56,8
261,2,False,2022-01-22 18:56:55,2022-01-22 19:00:53,0:03:58,8
262,2,False,2022-01-22 19:01:36,2022-01-22 19:03:12,0:01:36,8
263,2,False,2022-01-22 19:03:40,2022-01-22 19:05:01,0:01:21,8
264,2,False,2022-01-22 19:05:45,2022-01-22 19:09:44,0:03:59,11
265,2,False,2022-01-22 19:11:07,2022-01-22 19:12:29,0:01:22,8
266,2,False,2022-01-22 19:13:16,2022-01-22 19:15:47,0:02:31,9
267,2,False,2022-01-22 19:28:41,2022-01-22 19:32:14,0:03:33,8
268,2,False,2022-01-22 19:33:09,2022-01-22 19:36:45,0:03:36,9
269,2,False,2022-01-22 19:37:18,2022-01-22 19:38:31,0:01:13,8
270,2,False,2022-01-22 19:38:59,2022-01-22 19:43:10,0:04:11,9
271,2,False,2022-01-22 19:45:10,2022-01-22 19:49:37,0:04:27,8
272,2,False,2022-01-22 19:51:18,2022-01-22 19:52:46,0:01:28,8
273,2,False,2022-01-22 19:53:11,2022-01-22 19:57:37,0:04:26,10
274,2,False,2022-01-24 18:49:02,2022-01-24 18:50:10,0:01:08,10
275,2,False,2022-01-24 18:50:56,2022-01-24 18:55:49,0:04:53,8
276,2,False,2022-01-24 18:56:48,2022-01-24 19:02:44,0:05:56,12
277,2,False,2022-01-24 19:03:46,2022-01-24 19:10:17,0:06:31,8
278,2,False,2022-01-24 19:13:52,2022-01-24 19:20:25,0:06:33,10
279,2,False,2022-01-24 19:23:04,2022-01-24 19:24:17,0:01:13,8
280,2,False,2022-01-24 19:24:44,2022-01-24 19:31:15,0:06:31,10
281,2,False,2022-01-24 19:31:49,2022-01-24 19:39:36,0:07:47,12
282,2,False,2022-01-24 19:42:51,2022-01-24 19:51:20,0:08:29,19
283,2,False,2022-01-24 19:52:18,2022-01-24 19:59:05,0:06:47,10
292,2,False,2022-01-29 17:26:56,2022-01-29 17:31:20,0:04:24,8
293,2,False,2022-01-29 17:32:18,2022-01-29 17:32:50,0:00:32,8
294,2,False,2022-01-29 17:33:41,2022-01-29 17:37:45,0:04:04,9
295,2,False,2022-01-29 17:39:20,2022-01-29 17:40:55,0:01:35,8
296,2,False,2022-01-29 17:42:26,2022-01-29 17:45:59,0:03:33,8
297,2,False,2022-01-29 17:46:36,2022-01-29 17:50:24,0:03:48,10
298,2,False,2022-01-29 17:52:01,2022-01-29 17:56:27,0:04:26,8
299,2,False,2022-01-29 17:58:45,2022-01-29 18:02:50,0:04:05,9
300,2,False,2022-01-29 18:08:43,2022-01-29 18:12:52,0:04:09,10
301,2,False,2022-01-29 18:13:53,2022-01-29 18:17:54,0:04:01,8
302,2,False,2022-01-29 18:18:41,2022-01-29 18:22:46,0:04:05,9
303,2,False,2022-01-29 18:24:18,2022-01-29 18:27:56,0:03:38,10
304,2,False,2022-01-29 18:30:26,2022-01-29 18:34:59,0:04:33,9
305,2,False,2022-01-29 18:36:20,2022-01-29 18:40:47,0:04:27,10
306,2,False,2022-01-29 18:45:09,2022-01-29 18:49:09,0:04:00,8
307,2,False,2022-01-29 18:52:13,2022-01-29 18:57:27,0:05:14,9
308,2,False,2022-01-29 19:10:18,2022-01-29 19:14:46,0:04:28,9
309,2,False,2022-01-29 19:15:37,2022-01-29 19:21:44,0:06:07,11
310,2,False,2022-01-29 19:27:49,2022-01-29 19:34:25,0:06:36,11
311,2,False,2022-01-29 19:39:32,2022-01-29 19:44:28,0:04:56,8
312,2,False,2022-01-29 19:45:12,2022-01-29 19:47:03,0:01:51,8
313,2,False,2022-01-29 19:47:49,2022-01-29 19:49:46,0:01:57,9
314,2,False,2022-01-29 19:50:36,2022-01-29 19:54:34,0:03:58,9
315,2,False,2022-01-29 19:55:19,2022-01-29 20:01:59,0:06:40,11
316,2,False,2022-01-31 22:32:34,2022-01-31 22:33:58,0:01:24,8
317,2,False,2022-01-31 22:34:28,2022-01-31 22:40:51,0:06:23,11
318,2,False,2022-01-31 22:41:49,2022-01-31 22:46:40,0:04:51,10
319,2,False,2022-01-31 22:47:03,2022-01-31 22:51:31,0:04:28,9
320,2,False,2022-01-31 22:51:58,2022-01-31 22:57:03,0:05:05,9
321,2,False,2022-01-31 22:57:45,2022-01-31 23:04:15,0:06:30,11
322,2,False,2022-01-31 23:05:13,2022-01-31 23:06:41,0:01:28,8
323,2,False,2022-01-31 23:07:05,2022-01-31 23:13:41,0:06:36,11
324,2,False,2022-01-31 23:22:39,2022-01-31 23:24:15,0:01:36,9
325,2,False,2022-01-31 23:24:55,2022-01-31 23:29:20,0:04:25,9
326,2,False,2022-01-31 23:30:01,2022-01-31 23:37:40,0:07:39,20
327,2,False,2022-01-31 23:41:14,2022-01-31 23:49:52,0:08:38,18
331,2,False,2022-02-04 18:38:23,2022-02-04 18:42:37,0:04:14,9
332,2,False,2022-02-04 18:45:21,2022-02-04 18:49:48,0:04:27,10
333,2,False,2022-02-04 18:50:23,2022-02-04 18:54:00,0:03:37,9
334,2,False,2022-02-04 18:54:36,2022-02-04 18:58:49,0:04:13,10
335,2,False,2022-02-04 18:59:43,2022-02-04 19:06:28,0:06:45,10
336,2,False,2022-02-04 19:15:29,2022-02-04 19:18:48,0:03:19,9
337,2,False,2022-02-04 19:19:17,2022-02-04 19:25:51,0:06:34,11
338,2,False,2022-02-04 19:27:23,2022-02-04 19:33:35,0:06:12,10
339,2,False,2022-02-04 19:36:12,2022-02-04 19:40:18,0:04:06,9
340,2,False,2022-02-04 19:41:04,2022-02-04 19:45:18,0:04:14,9
341,2,False,2022-02-04 19:46:25,2022-02-04 19:51:09,0:04:44,9
342,2,False,2022-02-05 17:15:23,2022-02-05 17:21:01,0:05:38,11
343,2,False,2022-02-05 17:21:45,2022-02-05 17:30:12,0:08:27,15
344,2,False,2022-02-05 17:47:07,2022-02-05 17:53:20,0:06:13,8
345,2,False,2022-02-05 17:58:49,2022-02-05 18:05:49,0:07:00,16
346,2,False,2022-02-05 18:07:21,2022-02-05 18:14:07,0:06:46,9
347,2,False,2022-02-05 18:25:40,2022-02-05 18:28:47,0:03:07,8
348,2,False,2022-02-05 18:29:17,2022-02-05 18:33:25,0:04:08,9
349,2,False,2022-02-05 18:34:19,2022-02-05 18:38:20,0:04:01,8
350,2,False,2022-02-05 18:45:00,2022-02-05 18:53:26,0:08:26,15
351,2,False,2022-02-05 18:57:04,2022-02-05 19:01:13,0:04:09,9
352,2,False,2022-02-05 19:02:53,2022-02-05 19:11:36,0:08:43,20
353,2,False,2022-02-05 19:12:21,2022-02-05 19:19:14,0:06:53,14
354,2,False,2022-02-05 19:20:41,2022-02-05 19:28:23,0:07:42,8
355,2,False,2022-02-05 21:27:11,2022-02-05 21:31:43,0:04:32,10
356,2,False,2022-02-05 21:32:26,2022-02-05 21:41:14,0:08:48,15
357,2,False,2022-02-05 21:43:39,2022-02-05 21:43:59,0:00:20,8
358,2,False,2022-02-05 21:44:50,2022-02-05 21:54:59,0:10:09,23
359,2,False,2022-02-05 21:55:53,2022-02-05 21:59:39,0:03:46,9
360,2,False,2022-02-05 22:00:11,2022-02-05 22:02:04,0:01:53,8
361,2,False,2022-02-05 22:03:25,2022-02-05 22:10:55,0:07:30,15
362,2,False,2022-02-05 22:13:27,2022-02-05 22:20:41,0:07:14,13
363,2,False,2022-02-05 22:22:00,2022-02-05 22:25:59,0:03:59,9
364,2,False,2022-02-05 22:26:31,2022-02-05 22:28:10,0:01:39,8
365,2,False,2022-02-05 22:28:50,2022-02-05 22:38:46,0:09:56,13
366,2,False,2022-02-05 22:39:44,2022-02-05 22:47:02,0:07:18,9
367,2,True,2022-02-05 22:56:27,2022-02-05 23:07:18,0:10:51,0
374,2,False,2022-02-11 19:08:44,2022-02-11 19:10:22,0:01:38,8
375,2,False,2022-02-11 19:10:48,2022-02-11 19:14:22,0:03:34,10
376,2,False,2022-02-11 19:15:11,2022-02-11 19:19:44,0:04:33,9
377,2,False,2022-02-11 19:22:14,2022-02-11 19:24:03,0:01:49,8
378,2,False,2022-02-11 19:24:33,2022-02-11 19:31:07,0:06:34,12
379,2,False,2022-02-11 19:34:12,2022-02-11 19:38:44,0:04:32,8
380,2,False,2022-02-11 19:39:42,2022-02-11 19:43:43,0:04:01,8
381,2,False,2022-02-11 19:44:14,2022-02-11 19:45:42,0:01:28,8
382,2,False,2022-02-11 19:46:20,2022-02-11 19:50:11,0:03:51,9
383,2,False,2022-02-12 17:25:54,2022-02-12 17:27:31,0:01:37,8
384,2,False,2022-02-12 17:27:57,2022-02-12 17:32:16,0:04:19,10
385,2,False,2022-02-12 17:32:52,2022-02-12 17:39:24,0:06:32,11
386,2,False,2022-02-12 17:43:43,2022-02-12 17:49:46,0:06:03,8
387,2,False,2022-02-12 17:56:10,2022-02-12 18:00:22,0:04:12,9
388,2,False,2022-02-12 18:04:41,2022-02-12 18:06:08,0:01:27,8
389,2,False,2022-02-12 18:06:41,2022-02-12 18:10:32,0:03:51,8
390,2,False,2022-02-12 18:12:22,2022-02-12 18:14:39,0:02:17,8
391,2,False,2022-02-12 18:15:15,2022-02-12 18:22:07,0:06:52,11
392,2,False,2022-02-12 18:33:15,2022-02-12 18:40:03,0:06:48,9
393,2,False,2022-02-12 18:42:42,2022-02-12 18:49:02,0:06:20,11
394,2,False,2022-02-12 18:50:24,2022-02-12 18:54:57,0:04:33,9
395,2,False,2022-02-12 18:55:42,2022-02-12 19:01:45,0:06:03,8
396,2,False,2022-02-12 19:02:46,2022-02-12 19:06:50,0:04:04,9
397,2,False,2022-02-12 21:07:32,2022-02-12 21:13:53,0:06:21,10
398,2,False,2022-02-12 21:19:07,2022-02-12 21:20:42,0:01:35,8
399,2,False,2022-02-12 21:21:24,2022-02-12 21:31:16,0:09:52,12
400,2,False,2022-02-12 21:32:19,2022-02-12 21:33:51,0:01:32,8
401,2,False,2022-02-12 21:34:28,2022-02-12 21:43:56,0:09:28,16
402,2,False,2022-02-12 21:48:58,2022-02-12 21:54:51,0:05:53,8
403,2,False,2022-02-12 22:02:08,2022-02-12 22:06:14,0:04:06,8
404,2,False,2022-02-12 22:06:54,2022-02-12 22:13:21,0:06:27,10
405,2,False,2022-02-12 22:13:56,2022-02-12 22:23:30,0:09:34,13
406,2,False,2022-02-12 22:24:49,2022-02-12 22:33:26,0:08:37,10
407,2,False,2022-02-12 22:35:39,2022-02-12 22:45:31,0:09:52,11
408,2,False,2022-02-12 22:53:23,2022-02-12 23:01:04,0:07:41,16
409,2,False,2022-02-12 23:01:44,2022-02-12 23:09:45,0:08:01,12
410,2,False,2022-02-12 23:14:12,2022-02-12 23:22:42,0:08:30,9
411,2,False,2022-02-12 23:47:35,2022-02-12 23:51:38,0:04:03,8
412,2,False,2022-02-12 23:53:49,2022-02-13 00:02:24,0:08:35,10
413,2,False,2022-02-13 00:03:00,2022-02-13 00:12:33,0:09:33,9
414,2,True,2022-02-13 00:14:45,2022-02-13 00:25:31,0:10:46,4
418,2,False,2022-02-18 18:37:30,2022-02-18 18:42:28,0:04:58,10
419,2,False,2022-02-18 18:43:07,2022-02-18 18:51:05,0:07:58,10
420,2,False,2022-02-18 18:57:30,2022-02-18 19:01:32,0:04:02,8
421,2,False,2022-02-18 19:02:32,2022-02-18 19:09:17,0:06:45,8
422,2,False,2022-02-18 19:35:08,2022-02-18 19:36:31,0:01:23,8
423,2,False,2022-02-18 19:37:15,2022-02-18 19:44:07,0:06:52,12
424,2,False,2022-02-18 19:45:36,2022-02-18 19:47:02,0:01:26,8
425,2,False,2022-02-18 19:47:37,2022-02-18 19:54:49,0:07:12,9
426,2,False,2022-02-18 19:57:11,2022-02-18 20:04:00,0:06:49,10
427,2,False,2022-02-19 17:06:56,2022-02-19 17:08:09,0:01:13,8
428,2,False,2022-02-19 17:08:37,2022-02-19 17:09:58,0:01:21,8
429,2,False,2022-02-19 17:11:51,2022-02-19 17:13:18,0:01:27,8
430,2,False,2022-02-19 17:14:03,2022-02-19 17:15:21,0:01:18,8
431,2,False,2022-02-19 17:17:10,2022-02-19 17:25:12,0:08:02,9
432,2,False,2022-02-19 17:26:08,2022-02-19 17:27:29,0:01:21,8
433,2,False,2022-02-19 17:28:08,2022-02-19 17:35:40,0:07:32,9
434,2,False,2022-02-19 17:36:53,2022-02-19 17:37:28,0:00:35,8
435,2,False,2022-02-19 17:37:59,2022-02-19 17:46:02,0:08:03,13
436,2,False,2022-02-19 17:48:38,2022-02-19 17:56:38,0:08:00,9
437,2,False,2022-02-19 17:57:41,2022-02-19 18:06:22,0:08:41,12
438,2,False,2022-02-19 18:08:09,2022-02-19 18:16:50,0:08:41,11
439,2,False,2022-02-19 18:19:43,2022-02-19 18:23:59,0:04:16,9
440,2,False,2022-02-19 18:24:35,2022-02-19 18:33:50,0:09:15,14
441,2,False,2022-02-19 18:43:09,2022-02-19 18:49:39,0:06:30,10
442,2,False,2022-02-19 18:50:20,2022-02-19 18:51:10,0:00:50,8
443,2,False,2022-02-19 18:51:38,2022-02-19 18:54:44,0:03:06,8
444,2,False,2022-02-19 18:55:34,2022-02-19 19:05:14,0:09:40,18
445,2,False,2022-02-19 19:06:19,2022-02-19 19:10:45,0:04:26,9
446,2,False,2022-02-19 19:12:02,2022-02-19 19:20:38,0:08:36,10
447,2,False,2022-02-19 19:21:18,2022-02-19 19:28:25,0:07:07,11
448,2,False,2022-02-19 19:30:09,2022-02-19 19:39:53,0:09:44,15
449,2,False,2022-02-19 19:43:33,2022-02-19 19:51:56,0:08:23,10
450,2,False,2022-02-19 19:52:24,2022-02-19 19:59:14,0:06:50,8
451,2,False,2022-02-19 22:05:32,2022-02-19 22:12:19,0:06:47,11
452,2,False,2022-02-19 22:13:02,2022-02-19 22:17:24,0:04:22,9
453,2,False,2022-02-19 22:18:01,2022-02-19 22:24:10,0:06:09,8
454,2,False,2022-02-19 22:24:40,2022-02-19 22:33:04,0:08:24,14
455,2,False,2022-02-19 22:44:58,2022-02-19 22:51:04,0:06:06,11
456,2,False,2022-02-19 22:51:28,2022-02-19 22:52:10,0:00:42,8
457,2,False,2022-02-19 22:52:56,2022-02-19 23:01:02,0:08:06,9
458,2,False,2022-02-19 23:01:39,2022-02-19 23:08:36,0:06:57,11
459,2,False,2022-02-19 23:09:07,2022-02-19 23:17:13,0:08:06,8
460,2,False,2022-02-19 23:18:24,2022-02-19 23:27:09,0:08:45,11
461,2,False,2022-02-19 23:47:03,2022-02-19 23:48:38,0:01:35,8
462,2,False,2022-02-19 23:49:11,2022-02-19 23:55:24,0:06:13,8
463,2,False,2022-02-19 23:56:28,2022-02-19 23:57:03,0:00:35,8
464,2,False,2022-02-19 23:57:41,2022-02-20 00:08:26,0:10:45,14
465,2,True,2022-02-20 00:09:16,2022-02-20 00:19:43,0:10:27,4
485,2,False,2022-02-25 19:00:30,2022-02-25 19:09:09,0:08:39,8
486,2,False,2022-02-25 19:10:54,2022-02-25 19:15:27,0:04:33,10
487,2,False,2022-02-25 19:15:51,2022-02-25 19:25:13,0:09:22,18
488,2,False,2022-02-25 19:28:38,2022-02-25 19:35:20,0:06:42,8
489,2,False,2022-02-25 19:36:05,2022-02-25 19:45:57,0:09:52,13
490,2,False,2022-02-25 19:47:39,2022-02-25 19:53:03,0:05:24,8
491,2,False,2022-02-26 17:07:00,2022-02-26 17:11:08,0:04:08,9
492,2,False,2022-02-26 17:11:42,2022-02-26 17:20:29,0:08:47,16
493,2,False,2022-02-26 17:21:14,2022-02-26 17:27:58,0:06:44,12
494,2,False,2022-02-26 17:28:36,2022-02-26 17:36:33,0:07:57,10
495,2,False,2022-02-26 17:37:02,2022-02-26 17:48:00,0:10:58,17
496,2,False,2022-02-26 17:49:10,2022-02-26 17:49:17,0:00:07,8
497,2,False,2022-02-26 17:49:50,2022-02-26 17:49:55,0:00:05,8
498,2,False,2022-02-26 17:53:57,2022-02-26 17:59:27,0:05:30,8
499,2,False,2022-02-26 18:00:20,2022-02-26 18:11:24,0:11:04,12
500,2,False,2022-02-26 18:12:36,2022-02-26 18:16:40,0:04:04,8
501,2,True,2022-02-26 18:17:46,2022-02-26 18:28:39,0:10:53,2
520,2,False,2022-03-04 19:22:05,2022-03-04 19:28:52,0:06:47,9
521,2,False,2022-03-04 19:29:22,2022-03-04 19:37:59,0:08:37,13
522,2,False,2022-03-04 19:39:16,2022-03-04 19:50:15,0:10:59,11
523,2,False,2022-03-04 19:52:15,2022-03-04 19:58:35,0:06:20,10
524,2,False,2022-03-05 17:10:24,2022-03-05 17:12:02,0:01:38,8
525,2,False,2022-03-05 17:13:19,2022-03-05 17:21:58,0:08:39,8
526,2,False,2022-03-05 17:22:30,2022-03-05 17:30:20,0:07:50,10
527,2,False,2022-03-05 17:32:07,2022-03-05 17:36:07,0:04:00,8
528,2,False,2022-03-05 17:36:34,2022-03-05 17:43:21,0:06:47,8
529,2,False,2022-03-05 17:47:08,2022-03-05 17:56:30,0:09:22,9
530,2,False,2022-03-05 17:59:56,2022-03-05 18:06:01,0:06:05,12
531,2,False,2022-03-05 18:06:40,2022-03-05 18:16:11,0:09:31,17
532,2,False,2022-03-05 18:18:53,2022-03-05 18:25:36,0:06:43,8
533,2,False,2022-03-05 18:37:19,2022-03-05 18:41:19,0:04:00,8
534,2,True,2022-03-05 18:42:23,2022-03-05 18:53:20,0:10:57,3
550,2,False,2022-03-11 18:28:47,2022-03-11 18:35:37,0:06:50,9
551,2,False,2022-03-11 18:36:08,2022-03-11 18:45:36,0:09:28,17
552,2,False,2022-03-11 18:46:04,2022-03-11 18:46:32,0:00:28,8
553,2,True,2022-03-11 18:48:12,2022-03-11 18:59:01,0:10:49,2
593,2,True,2022-03-18 18:40:22,2022-03-18 18:51:05,0:10:43,4
629,2,False,2022-03-25 18:51:47,2022-03-25 19:00:20,0:08:33,8
630,2,False,2022-03-25 19:01:16,2022-03-25 19:09:45,0:08:29,8
631,2,False,2022-03-25 19:10:47,2022-03-25 19:12:00,0:01:13,8
632,2,False,2022-03-25 19:12:56,2022-03-25 19:23:54,0:10:58,14
633,2,False,2022-03-25 19:25:08,2022-03-25 19:29:24,0:04:16,9
634,2,True,2022-03-25 19:30:09,2022-03-25 19:40:31,0:10:22,0
662,2,False,2022-04-01 18:48:55,2022-04-01 18:59:05,0:10:10,16
663,2,False,2022-04-01 19:00:06,2022-04-01 19:08:36,0:08:30,11
664,2,False,2022-04-01 19:09:55,2022-04-01 19:18:33,0:08:38,10
665,2,False,2022-04-01 19:20:18,2022-04-01 19:21:52,0:01:34,8
666,2,False,2022-04-01 19:22:24,2022-04-01 19:31:41,0:09:17,10
667,2,False,2022-04-01 19:32:19,2022-04-01 19:41:48,0:09:29,13
668,2,False,2022-04-02 17:18:56,2022-04-02 17:28:23,0:09:27,12
669,2,False,2022-04-02 17:29:22,2022-04-02 17:30:43,0:01:21,8
670,2,False,2022-04-02 17:55:33,2022-04-02 18:03:44,0:08:11,12
671,2,True,2022-04-02 18:04:45,2022-04-02 18:15:10,0:10:25,2
697,2,False,2022-04-08 19:23:46,2022-04-08 19:29:00,0:05:14,9
698,2,False,2022-04-08 19:29:42,2022-04-08 19:38:27,0:08:45,13
699,2,False,2022-04-09 17:42:24,2022-04-09 17:43:31,0:01:07,8
700,2,False,2022-04-09 17:44:50,2022-04-09 17:47:30,0:02:40,10
701,2,False,2022-04-09 17:48:02,2022-04-09 17:51:36,0:03:34,9
702,2,False,2022-04-09 17:52:26,2022-04-09 17:59:09,0:06:43,9
703,2,False,2022-04-09 18:01:15,2022-04-09 18:09:48,0:08:33,15
704,2,True,2022-04-09 18:23:48,2022-04-09 18:34:13,0:10:25,4
735,2,False,2022-04-17 01:02:48,2022-04-17 01:04:00,0:01:12,9
736,2,False,2022-04-17 01:04:30,2022-04-17 01:05:59,0:01:29,8
737,2,False,2022-04-17 01:07:12,2022-04-17 01:07:46,0:00:34,8
738,2,False,2022-04-17 01:35:25,2022-04-17 01:39:04,0:03:39,9
739,2,False,2022-04-17 01:41:34,2022-04-17 01:50:38,0:09:04,10
740,2,False,2022-04-17 01:51:38,2022-04-17 01:55:42,0:04:04,8
741,2,False,2022-04-17 01:56:13,2022-04-17 01:57:41,0:01:28,8
742,2,False,2022-04-17 01:58:12,2022-04-17 02:02:48,0:04:36,9
743,2,False,2022-04-17 02:03:24,2022-04-17 02:13:24,0:10:00,18
744,2,False,2022-04-22 00:54:12,2022-04-22 00:57:50,0:03:38,8
745,2,False,2022-04-22 00:58:24,2022-04-22 01:06:24,0:08:00,11
746,2,False,2022-04-22 01:07:33,2022-04-22 01:14:44,0:07:11,14
747,2,True,2022-04-22 01:15:35,2022-04-22 01:24:45,0:09:10,6
849,2,False,2022-04-29 19:35:42,2022-04-29 19:38:26,0:02:44,10
850,2,False,2022-04-29 19:39:45,2022-04-29 19:46:25,0:06:40,15
851,2,False,2022-04-29 19:55:10,2022-04-29 19:56:38,0:01:28,8
852,2,False,2022-04-29 19:57:25,2022-04-29 20:04:14,0:06:49,11
853,2,False,2022-04-30 18:01:49,2022-04-30 18:10:23,0:08:34,12
854,2,False,2022-04-30 18:11:54,2022-04-30 18:13:29,0:01:35,8
855,2,False,2022-04-30 18:15:32,2022-04-30 18:22:24,0:06:52,10
856,2,False,2022-04-30 18:24:19,2022-04-30 18:28:22,0:04:03,10
857,2,False,2022-04-30 18:28:54,2022-04-30 18:35:00,0:06:06,8
858,2,False,2022-04-30 18:36:04,2022-04-30 18:44:09,0:08:05,16
859,2,False,2022-04-30 18:51:19,2022-04-30 18:51:59,0:00:40,8
860,2,False,2022-04-30 18:54:01,2022-04-30 18:55:32,0:01:31,8
861,2,False,2022-04-30 18:56:01,2022-04-30 18:57:29,0:01:28,8
862,2,False,2022-04-30 18:58:15,2022-04-30 18:59:58,0:01:43,8
863,2,False,2022-04-30 19:00:26,2022-04-30 19:09:01,0:08:35,15
864,2,False,2022-04-30 19:19:49,2022-04-30 19:23:24,0:03:35,8
865,2,False,2022-04-30 19:23:52,2022-04-30 19:34:12,0:10:20,16
866,2,True,2022-04-30 19:36:53,2022-04-30 19:47:30,0:10:37,3
897,2,False,2022-05-03 20:27:44,2022-05-03 20:34:25,0:06:41,8
898,2,False,2022-05-03 20:36:38,2022-05-03 20:40:55,0:04:17,9
899,2,False,2022-05-03 20:41:30,2022-05-03 20:49:49,0:08:19,9
900,2,False,2022-05-03 20:57:09,2022-05-03 21:03:58,0:06:49,11
901,2,False,2022-05-03 21:05:04,2022-05-03 21:13:18,0:08:14,12
902,2,False,2022-05-03 21:18:33,2022-05-03 21:25:11,0:06:38,8
1091,2,False,2022-05-27 19:01:24,2022-05-27 19:08:14,0:06:50,11
1092,2,False,2022-05-27 19:10:39,2022-05-27 19:17:29,0:06:50,9
1093,2,False,2022-05-27 19:18:05,2022-05-27 19:27:52,0:09:47,18
1094,2,False,2022-05-27 19:28:28,2022-05-27 19:39:32,0:11:04,18
1095,2,True,2022-05-27 19:43:35,2022-05-27 19:54:09,0:10:34,5
466,3,False,2022-02-20 01:01:02,2022-02-20 01:02:22,0:01:20,8
467,3,False,2022-02-20 01:03:52,2022-02-20 01:06:36,0:02:44,12
468,3,False,2022-02-20 01:11:30,2022-02-20 01:13:06,0:01:36,8
469,3,False,2022-02-20 01:14:33,2022-02-20 01:17:04,0:02:31,10
470,3,False,2022-02-20 01:21:34,2022-02-20 01:22:50,0:01:16,8
471,3,False,2022-02-20 01:25:20,2022-02-20 01:27:57,0:02:37,9
472,3,False,2022-02-20 01:28:57,2022-02-20 01:32:52,0:03:55,10
473,3,False,2022-02-20 01:33:54,2022-02-20 01:34:37,0:00:43,9
474,3,False,2022-02-20 01:35:14,2022-02-20 01:37:53,0:02:39,9
475,3,False,2022-02-20 01:38:46,2022-02-20 01:41:25,0:02:39,9
476,3,False,2022-02-20 01:42:20,2022-02-20 01:44:56,0:02:36,12
477,3,False,2022-02-20 01:46:31,2022-02-20 01:48:01,0:01:30,9
478,3,False,2022-02-20 01:52:35,2022-02-20 01:54:51,0:02:16,8
479,3,False,2022-02-20 01:55:56,2022-02-20 01:58:26,0:02:30,10
502,3,False,2022-02-26 18:42:02,2022-02-26 18:43:19,0:01:17,8
503,3,False,2022-02-26 18:45:22,2022-02-26 18:47:53,0:02:31,11
504,3,False,2022-02-26 18:51:44,2022-02-26 18:54:09,0:02:25,10
505,3,False,2022-02-26 18:56:17,2022-02-26 18:58:37,0:02:20,9
506,3,False,2022-02-26 19:00:06,2022-02-26 19:01:28,0:01:22,8
507,3,False,2022-02-26 19:13:24,2022-02-26 19:15:53,0:02:29,11
508,3,False,2022-02-26 19:17:42,2022-02-26 19:19:45,0:02:03,9
509,3,False,2022-02-26 19:20:23,2022-02-26 19:21:48,0:01:25,8
510,3,False,2022-02-26 19:23:40,2022-02-26 19:25:35,0:01:55,8
511,3,False,2022-02-26 19:35:42,2022-02-26 19:38:06,0:02:24,10
512,3,False,2022-02-26 19:38:59,2022-02-26 19:41:31,0:02:32,9
513,3,False,2022-02-26 19:42:08,2022-02-26 19:44:39,0:02:31,8
535,3,False,2022-03-05 19:03:53,2022-03-05 19:06:25,0:02:32,9
536,3,False,2022-03-05 19:06:54,2022-03-05 19:09:26,0:02:32,10
537,3,False,2022-03-05 19:11:36,2022-03-05 19:14:07,0:02:31,8
538,3,False,2022-03-05 19:15:09,2022-03-05 19:16:27,0:01:18,8
539,3,False,2022-03-05 19:17:33,2022-03-05 19:18:58,0:01:25,8
540,3,False,2022-03-05 19:23:20,2022-03-05 19:25:00,0:01:40,10
541,3,False,2022-03-05 19:25:32,2022-03-05 19:28:03,0:02:31,10
542,3,False,2022-03-05 19:29:26,2022-03-05 19:31:50,0:02:24,9
543,3,False,2022-03-05 19:34:14,2022-03-05 19:35:38,0:01:24,8
544,3,False,2022-03-05 19:37:32,2022-03-05 19:40:23,0:02:51,8
545,3,False,2022-03-05 19:45:19,2022-03-05 19:46:46,0:01:27,8
546,3,False,2022-03-05 19:48:10,2022-03-05 19:50:41,0:02:31,8
547,3,False,2022-03-05 19:54:11,2022-03-05 19:56:46,0:02:35,9
548,3,False,2022-03-05 19:57:12,2022-03-05 19:59:44,0:02:32,9
549,3,False,2022-03-05 20:01:00,2022-03-05 20:03:56,0:02:56,8
554,3,False,2022-03-11 19:14:30,2022-03-11 19:15:49,0:01:19,8
555,3,False,2022-03-11 19:17:25,2022-03-11 19:19:57,0:02:32,9
556,3,False,2022-03-11 19:21:03,2022-03-11 19:23:39,0:02:36,10
557,3,False,2022-03-11 19:30:33,2022-03-11 19:32:59,0:02:26,8
558,3,False,2022-03-11 19:33:41,2022-03-11 19:36:01,0:02:20,9
559,3,False,2022-03-11 19:36:30,2022-03-11 19:39:01,0:02:31,8
560,3,False,2022-03-11 19:39:57,2022-03-11 19:42:40,0:02:43,9
561,3,False,2022-03-11 19:43:39,2022-03-11 19:47:14,0:03:35,11
562,3,False,2022-03-11 19:47:49,2022-03-11 19:50:50,0:03:01,9
563,3,False,2022-03-11 19:51:15,2022-03-11 19:53:54,0:02:39,9
564,3,False,2022-03-12 17:25:34,2022-03-12 17:28:05,0:02:31,10
565,3,False,2022-03-12 17:29:39,2022-03-12 17:32:03,0:02:24,8
566,3,False,2022-03-12 17:32:52,2022-03-12 17:35:44,0:02:52,9
567,3,False,2022-03-12 17:38:16,2022-03-12 17:41:07,0:02:51,8
568,3,False,2022-03-12 17:42:04,2022-03-12 17:45:59,0:03:55,11
569,3,False,2022-03-12 17:50:23,2022-03-12 17:53:15,0:02:52,9
570,3,False,2022-03-12 17:54:22,2022-03-12 17:58:18,0:03:56,8
571,3,False,2022-03-12 18:00:04,2022-03-12 18:02:36,0:02:32,8
572,3,False,2022-03-12 18:03:05,2022-03-12 18:05:44,0:02:39,10
573,3,False,2022-03-12 18:06:16,2022-03-12 18:08:56,0:02:40,8
574,3,False,2022-03-12 18:10:03,2022-03-12 18:14:03,0:04:00,13
575,3,False,2022-03-12 18:14:45,2022-03-12 18:18:40,0:03:55,9
576,3,False,2022-03-12 18:20:03,2022-03-12 18:24:00,0:03:57,10
577,3,False,2022-03-12 18:25:50,2022-03-12 18:29:45,0:03:55,12
578,3,False,2022-03-12 18:31:37,2022-03-12 18:34:10,0:02:33,8
579,3,False,2022-03-12 18:34:45,2022-03-12 18:36:01,0:01:16,8
580,3,False,2022-03-12 18:36:33,2022-03-12 18:39:20,0:02:47,10
581,3,False,2022-03-12 18:40:00,2022-03-12 18:44:25,0:04:25,11
582,3,False,2022-03-12 19:05:09,2022-03-12 19:10:49,0:05:40,12
583,3,False,2022-03-12 19:11:38,2022-03-12 19:18:21,0:06:43,15
584,3,False,2022-03-12 19:20:55,2022-03-12 19:22:13,0:01:18,8
585,3,False,2022-03-12 19:24:12,2022-03-12 19:31:19,0:07:07,19
586,3,False,2022-03-12 19:34:58,2022-03-12 19:40:30,0:05:32,13
587,3,False,2022-03-12 19:42:36,2022-03-12 19:44:56,0:02:20,8
588,3,False,2022-03-12 19:45:53,2022-03-12 19:52:59,0:07:06,13
589,3,False,2022-03-12 19:53:35,2022-03-12 19:56:05,0:02:30,9
594,3,False,2022-03-18 19:05:11,2022-03-18 19:07:36,0:02:25,8
595,3,False,2022-03-18 19:08:04,2022-03-18 19:10:47,0:02:43,8
596,3,False,2022-03-18 19:11:39,2022-03-18 19:14:31,0:02:52,9
597,3,False,2022-03-18 19:15:07,2022-03-18 19:17:58,0:02:51,9
598,3,False,2022-03-18 19:18:36,2022-03-18 19:23:05,0:04:29,14
599,3,False,2022-03-18 19:23:39,2022-03-18 19:26:11,0:02:32,9
600,3,False,2022-03-18 19:26:47,2022-03-18 19:28:06,0:01:19,8
601,3,False,2022-03-18 19:28:45,2022-03-18 19:31:24,0:02:39,9
602,3,False,2022-03-18 19:31:51,2022-03-18 19:34:22,0:02:31,8
603,3,False,2022-03-18 19:34:53,2022-03-18 19:40:40,0:05:47,10
604,3,False,2022-03-18 19:44:07,2022-03-18 19:47:18,0:03:11,13
605,3,False,2022-03-18 19:50:54,2022-03-18 19:52:35,0:01:41,9
606,3,False,2022-03-18 19:52:59,2022-03-18 20:00:21,0:07:22,14
607,3,False,2022-03-19 17:13:53,2022-03-19 17:15:22,0:01:29,8
608,3,False,2022-03-19 17:16:09,2022-03-19 17:19:23,0:03:14,12
609,3,False,2022-03-19 17:20:03,2022-03-19 17:22:47,0:02:44,8
610,3,False,2022-03-19 17:23:15,2022-03-19 17:25:54,0:02:39,9
611,3,False,2022-03-19 17:27:16,2022-03-19 17:29:50,0:02:34,9
612,3,False,2022-03-19 17:31:31,2022-03-19 17:35:26,0:03:55,14
613,3,False,2022-03-19 17:43:12,2022-03-19 17:47:37,0:04:25,9
614,3,False,2022-03-19 17:48:32,2022-03-19 17:52:34,0:04:02,11
615,3,False,2022-03-19 17:53:02,2022-03-19 17:55:55,0:02:53,9
616,3,False,2022-03-19 17:56:38,2022-03-19 17:58:05,0:01:27,9
617,3,False,2022-03-19 17:58:32,2022-03-19 18:04:18,0:05:46,13
618,3,False,2022-03-19 18:05:25,2022-03-19 18:08:06,0:02:41,10
619,3,False,2022-03-19 18:09:45,2022-03-19 18:14:02,0:04:17,10
620,3,False,2022-03-19 18:15:03,2022-03-19 18:17:41,0:02:38,9
621,3,False,2022-03-19 18:18:22,2022-03-19 18:25:19,0:06:57,20
622,3,False,2022-03-19 18:26:46,2022-03-19 18:32:25,0:05:39,11
635,3,False,2022-03-26 17:18:11,2022-03-26 17:21:03,0:02:52,9
636,3,False,2022-03-26 17:21:54,2022-03-26 17:24:26,0:02:32,8
637,3,False,2022-03-26 17:24:57,2022-03-26 17:29:07,0:04:10,9
638,3,False,2022-03-26 17:29:41,2022-03-26 17:34:30,0:04:49,8
639,3,False,2022-03-26 17:36:48,2022-03-26 17:39:16,0:02:28,8
640,3,False,2022-03-26 17:39:44,2022-03-26 17:42:23,0:02:39,8
641,3,False,2022-03-26 17:42:53,2022-03-26 17:45:28,0:02:35,8
642,3,False,2022-03-26 17:48:34,2022-03-26 17:50:59,0:02:25,8
643,3,False,2022-03-26 17:53:16,2022-03-26 17:54:36,0:01:20,8
644,3,False,2022-03-26 17:55:06,2022-03-26 18:02:28,0:07:22,12
645,3,False,2022-03-26 18:06:25,2022-03-26 18:13:47,0:07:22,11
646,3,False,2022-03-26 18:14:26,2022-03-26 18:18:51,0:04:25,11
647,3,False,2022-03-26 18:19:23,2022-03-26 18:26:46,0:07:23,13
648,3,False,2022-03-26 18:32:28,2022-03-26 18:33:51,0:01:23,8
649,3,False,2022-03-26 18:34:21,2022-03-26 18:38:30,0:04:09,11
650,3,False,2022-03-26 18:39:04,2022-03-26 18:43:29,0:04:25,10
651,3,False,2022-03-26 18:44:06,2022-03-26 18:51:28,0:07:22,9
652,3,False,2022-03-26 18:52:05,2022-03-26 18:56:23,0:04:18,11
653,3,False,2022-03-26 18:56:56,2022-03-26 18:59:24,0:02:28,8
654,3,False,2022-03-26 18:59:53,2022-03-26 19:03:49,0:03:56,10
655,3,False,2022-03-26 19:04:22,2022-03-26 19:07:01,0:02:39,10
656,3,False,2022-03-26 19:07:34,2022-03-26 19:13:10,0:05:36,10
657,3,False,2022-03-26 19:13:41,2022-03-26 19:16:07,0:02:26,8
658,3,False,2022-03-26 19:16:40,2022-03-26 19:19:18,0:02:38,8
659,3,False,2022-03-26 19:19:50,2022-03-26 19:26:56,0:07:06,12
672,3,False,2022-04-02 18:29:25,2022-04-02 18:33:50,0:04:25,10
673,3,False,2022-04-02 18:44:20,2022-04-02 18:48:16,0:03:56,10
674,3,False,2022-04-02 18:48:39,2022-04-02 18:49:10,0:00:31,8
675,3,False,2022-04-02 18:49:37,2022-04-02 18:51:58,0:02:21,9
676,3,False,2022-04-02 18:52:24,2022-04-02 18:54:50,0:02:26,8
677,3,False,2022-04-02 18:56:42,2022-04-02 18:59:10,0:02:28,9
678,3,False,2022-04-02 18:59:49,2022-04-02 19:04:14,0:04:25,11
679,3,False,2022-04-02 19:06:08,2022-04-02 19:08:44,0:02:36,9
680,3,False,2022-04-02 19:09:26,2022-04-02 19:12:00,0:02:34,8
681,3,False,2022-04-02 19:12:31,2022-04-02 19:16:38,0:04:07,10
682,3,False,2022-04-02 19:17:22,2022-04-02 19:24:44,0:07:22,13
683,3,False,2022-04-02 19:25:40,2022-04-02 19:26:54,0:01:14,8
684,3,False,2022-04-02 19:27:19,2022-04-02 19:31:45,0:04:26,9
685,3,True,2022-04-02 19:34:50,2022-04-02 19:42:07,0:07:17,2
705,3,False,2022-04-09 18:38:37,2022-04-09 18:41:05,0:02:28,8
706,3,False,2022-04-09 18:42:15,2022-04-09 18:46:41,0:04:26,9
707,3,False,2022-04-09 18:48:19,2022-04-09 18:55:14,0:06:55,12
708,3,False,2022-04-09 18:57:42,2022-04-09 19:05:04,0:07:22,8
709,3,False,2022-04-09 19:05:52,2022-04-09 19:08:24,0:02:32,9
710,3,False,2022-04-09 19:10:35,2022-04-09 19:13:17,0:02:42,8
711,3,True,2022-04-09 19:13:46,2022-04-09 19:21:01,0:07:15,1
723,3,False,2022-04-09 22:54:10,2022-04-09 22:56:45,0:02:35,9
724,3,False,2022-04-09 22:57:43,2022-04-09 23:00:14,0:02:31,8
725,3,False,2022-04-09 23:00:47,2022-04-09 23:03:33,0:02:46,10
726,3,False,2022-04-09 23:04:31,2022-04-09 23:05:54,0:01:23,9
727,3,False,2022-04-09 23:06:27,2022-04-09 23:10:34,0:04:07,12
728,3,False,2022-04-09 23:12:01,2022-04-09 23:16:26,0:04:25,13
729,3,False,2022-04-09 23:30:53,2022-04-09 23:34:52,0:03:59,12
730,3,False,2022-04-09 23:35:25,2022-04-09 23:37:58,0:02:33,9
731,3,False,2022-04-09 23:38:33,2022-04-09 23:45:55,0:07:22,19
732,3,False,2022-04-09 23:48:46,2022-04-09 23:51:30,0:02:44,8
733,3,False,2022-04-09 23:52:06,2022-04-09 23:53:37,0:01:31,10
734,3,False,2022-04-09 23:54:10,2022-04-09 23:56:42,0:02:32,9
748,3,False,2022-04-22 18:26:53,2022-04-22 18:29:30,0:02:37,10
749,3,False,2022-04-22 18:30:06,2022-04-22 18:34:09,0:04:03,8
750,3,False,2022-04-22 18:36:42,2022-04-22 18:40:41,0:03:59,13
751,3,False,2022-04-22 18:43:54,2022-04-22 18:48:20,0:04:26,12
752,3,False,2022-04-22 18:49:44,2022-04-22 18:52:17,0:02:33,8
753,3,False,2022-04-22 18:53:48,2022-04-22 18:57:56,0:04:08,11
754,3,False,2022-04-23 17:41:25,2022-04-23 17:41:41,0:00:16,8
755,3,False,2022-04-23 17:42:11,2022-04-23 17:46:01,0:03:50,9
756,3,False,2022-04-23 17:47:47,2022-04-23 17:50:07,0:02:20,8
757,3,False,2022-04-23 17:55:27,2022-04-23 17:58:01,0:02:34,9
758,3,False,2022-04-23 17:59:36,2022-04-23 18:02:21,0:02:45,8
759,3,False,2022-04-23 18:02:50,2022-04-23 18:03:27,0:00:37,8
760,3,False,2022-04-23 18:03:52,2022-04-23 18:07:48,0:03:56,9
761,3,False,2022-04-23 18:09:22,2022-04-23 18:10:40,0:01:18,8
762,3,False,2022-04-23 18:11:09,2022-04-23 18:15:35,0:04:26,12
763,3,False,2022-04-23 18:18:57,2022-04-23 18:22:53,0:03:56,12
764,3,False,2022-04-23 18:24:50,2022-04-23 18:32:13,0:07:23,12
765,3,False,2022-04-23 18:42:06,2022-04-23 18:49:30,0:07:24,13
766,3,False,2022-04-23 18:50:43,2022-04-23 18:53:28,0:02:45,10
767,3,False,2022-04-23 18:54:10,2022-04-23 19:01:33,0:07:23,12
768,3,False,2022-04-23 19:03:13,2022-04-23 19:05:41,0:02:28,9
769,3,False,2022-04-23 19:06:28,2022-04-23 19:09:26,0:02:58,9
770,3,False,2022-04-23 19:11:59,2022-04-23 19:19:22,0:07:23,8
771,3,False,2022-04-23 19:20:04,2022-04-23 19:24:30,0:04:26,8
772,3,False,2022-04-23 19:24:57,2022-04-23 19:32:21,0:07:24,12
773,3,False,2022-04-23 19:33:00,2022-04-23 19:40:23,0:07:23,9
774,3,False,2022-04-23 19:41:40,2022-04-23 19:44:10,0:02:30,10
775,3,False,2022-04-23 19:44:39,2022-04-23 19:52:02,0:07:23,13
776,3,False,2022-04-23 19:52:32,2022-04-23 19:59:27,0:06:55,11
777,3,False,2022-04-24 11:50:27,2022-04-24 11:50:34,0:00:07,5
778,3,False,2022-04-24 11:51:05,2022-04-24 11:55:14,0:04:09,9
779,3,False,2022-04-24 11:55:57,2022-04-24 12:00:01,0:04:04,10
780,3,True,2022-04-24 12:11:01,2022-04-24 12:18:11,0:07:10,3
808,3,True,2022-04-24 22:15:28,2022-04-24 22:22:46,0:07:18,2
831,3,False,2022-04-25 21:38:30,2022-04-25 21:41:32,0:03:02,11
832,3,False,2022-04-25 21:42:18,2022-04-25 21:42:32,0:00:14,8
833,3,False,2022-04-25 21:43:01,2022-04-25 21:47:27,0:04:26,10
834,3,False,2022-04-25 21:49:17,2022-04-25 21:51:50,0:02:33,9
835,3,False,2022-04-25 21:52:36,2022-04-25 21:53:54,0:01:18,8
836,3,False,2022-04-25 21:54:57,2022-04-25 22:02:10,0:07:13,10
837,3,False,2022-04-25 22:02:56,2022-04-25 22:09:48,0:06:52,8
838,3,False,2022-04-25 22:10:37,2022-04-25 22:13:07,0:02:30,10
839,3,False,2022-04-25 22:14:09,2022-04-25 22:15:34,0:01:25,8
840,3,False,2022-04-25 22:16:15,2022-04-25 22:18:50,0:02:35,9
841,3,False,2022-04-25 22:20:11,2022-04-25 22:24:57,0:04:46,8
867,3,False,2022-04-30 22:19:19,2022-04-30 22:24:10,0:04:51,12
868,3,False,2022-04-30 22:24:56,2022-04-30 22:27:33,0:02:37,8
869,3,False,2022-04-30 22:28:10,2022-04-30 22:35:30,0:07:20,13
870,3,True,2022-04-30 22:36:04,2022-04-30 22:43:21,0:07:17,3
881,3,False,2022-05-01 00:32:41,2022-05-01 00:34:56,0:02:15,8
882,3,False,2022-05-01 00:35:20,2022-05-01 00:37:53,0:02:33,9
883,3,False,2022-05-01 00:38:22,2022-05-01 00:39:49,0:01:27,9
884,3,False,2022-05-01 00:40:30,2022-05-01 00:43:06,0:02:36,8
885,3,False,2022-05-01 00:43:40,2022-05-01 00:50:24,0:06:44,12
886,3,False,2022-05-01 00:51:18,2022-05-01 00:52:34,0:01:16,8
887,3,False,2022-05-01 00:54:19,2022-05-01 00:55:35,0:01:16,8
888,3,False,2022-05-01 01:16:48,2022-05-01 01:21:20,0:04:32,11
889,3,False,2022-05-01 01:22:13,2022-05-01 01:27:13,0:05:00,13
890,3,False,2022-05-01 01:27:35,2022-05-01 01:28:50,0:01:15,8
891,3,False,2022-05-01 01:30:07,2022-05-01 01:32:45,0:02:38,10
892,3,False,2022-05-01 01:33:08,2022-05-01 01:35:49,0:02:41,12
893,3,False,2022-05-01 01:36:32,2022-05-01 01:39:39,0:03:07,11
894,3,False,2022-05-01 01:39:59,2022-05-01 01:42:24,0:02:25,11
903,3,False,2022-05-06 18:18:25,2022-05-06 18:21:28,0:03:03,10
904,3,False,2022-05-06 18:22:57,2022-05-06 18:29:53,0:06:56,15
905,3,False,2022-05-06 18:33:04,2022-05-06 18:35:28,0:02:24,8
906,3,False,2022-05-06 18:38:31,2022-05-06 18:45:55,0:07:24,11
907,3,False,2022-05-06 18:47:14,2022-05-06 18:51:16,0:04:02,9
908,3,False,2022-05-06 18:53:07,2022-05-06 18:55:26,0:02:19,9
909,3,False,2022-05-06 18:56:00,2022-05-06 18:58:57,0:02:57,10
910,3,False,2022-05-06 19:02:39,2022-05-06 19:05:22,0:02:43,10
911,3,False,2022-05-06 19:15:15,2022-05-06 19:17:37,0:02:22,8
912,3,False,2022-05-06 19:19:25,2022-05-06 19:26:13,0:06:48,12
913,3,False,2022-05-06 19:27:38,2022-05-06 19:32:04,0:04:26,10
914,3,False,2022-05-06 19:34:53,2022-05-06 19:37:23,0:02:30,8
915,3,False,2022-05-06 19:38:58,2022-05-06 19:46:21,0:07:23,12
916,3,False,2022-05-06 19:47:27,2022-05-06 19:50:00,0:02:33,10
917,3,True,2022-05-06 19:50:32,2022-05-06 19:57:33,0:07:01,2
921,3,False,2022-05-07 17:12:48,2022-05-07 17:17:14,0:04:26,10
922,3,False,2022-05-07 17:19:57,2022-05-07 17:24:12,0:04:15,9
923,3,False,2022-05-07 17:24:38,2022-05-07 17:32:00,0:07:22,11
924,3,False,2022-05-07 17:32:28,2022-05-07 17:36:35,0:04:07,9
925,3,True,2022-05-07 17:37:05,2022-05-07 17:44:14,0:07:09,4
947,3,False,2022-05-08 16:31:20,2022-05-08 16:32:47,0:01:27,9
948,3,False,2022-05-08 16:33:16,2022-05-08 16:34:41,0:01:25,8
949,3,False,2022-05-08 16:35:07,2022-05-08 16:37:31,0:02:24,8
950,3,False,2022-05-08 22:18:22,2022-05-08 22:25:44,0:07:22,14
951,3,False,2022-05-08 22:26:12,2022-05-08 22:29:05,0:02:53,9
952,3,True,2022-05-08 22:30:51,2022-05-08 22:38:01,0:07:10,4
969,3,False,2022-05-13 18:18:31,2022-05-13 18:22:37,0:04:06,8
970,3,False,2022-05-13 18:23:38,2022-05-13 18:30:36,0:06:58,14
971,3,False,2022-05-13 18:37:18,2022-05-13 18:38:38,0:01:20,8
972,3,True,2022-05-13 18:43:57,2022-05-13 18:51:08,0:07:11,4
986,3,True,2022-05-14 17:05:20,2022-05-14 17:12:21,0:07:01,0
1009,3,False,2022-05-14 19:10:06,2022-05-14 19:17:28,0:07:22,13
1010,3,False,2022-05-14 19:18:05,2022-05-14 19:19:15,0:01:10,8
1011,3,False,2022-05-14 19:19:39,2022-05-14 19:25:19,0:05:40,8
1012,3,True,2022-05-14 19:26:05,2022-05-14 19:33:06,0:07:01,0
1018,3,False,2022-05-14 21:54:09,2022-05-14 22:01:32,0:07:23,10
1019,3,False,2022-05-14 22:01:55,2022-05-14 22:06:01,0:04:06,9
1020,3,False,2022-05-14 22:06:25,2022-05-14 22:08:58,0:02:33,9
1021,3,False,2022-05-14 22:09:22,2022-05-14 22:13:37,0:04:15,10
1022,3,False,2022-05-14 22:14:04,2022-05-14 22:16:37,0:02:33,9
1023,3,False,2022-05-16 19:19:12,2022-05-16 19:26:02,0:06:50,11
1024,3,False,2022-05-16 19:26:44,2022-05-16 19:34:07,0:07:23,11
1025,3,False,2022-05-16 19:34:43,2022-05-16 19:42:06,0:07:23,11
1026,3,False,2022-05-16 19:42:48,2022-05-16 19:44:13,0:01:25,9
1027,3,False,2022-05-16 19:44:41,2022-05-16 19:49:07,0:04:26,8
1028,3,False,2022-05-20 18:07:13,2022-05-20 18:09:37,0:02:24,8
1029,3,True,2022-05-20 18:09:59,2022-05-20 18:17:00,0:07:01,1
1051,3,False,2022-05-21 17:06:39,2022-05-21 17:11:14,0:04:35,8
1052,3,False,2022-05-21 17:12:23,2022-05-21 17:16:22,0:03:59,9
1053,3,False,2022-05-21 17:17:11,2022-05-21 17:19:45,0:02:34,10
1054,3,False,2022-05-21 17:20:21,2022-05-21 17:26:08,0:05:47,9
1055,3,False,2022-05-21 17:28:15,2022-05-21 17:35:23,0:07:08,12
1056,3,True,2022-05-21 17:36:34,2022-05-21 17:43:44,0:07:10,2
1071,3,False,2022-05-21 19:01:07,2022-05-21 19:05:33,0:04:26,8
1072,3,True,2022-05-21 19:06:02,2022-05-21 19:13:12,0:07:10,4
1096,3,False,2022-05-28 17:13:18,2022-05-28 17:17:22,0:04:04,8
1097,3,True,2022-05-28 17:18:29,2022-05-28 17:25:21,0:06:52,2
1108,3,True,2022-06-03 18:06:53,2022-06-03 18:13:45,0:06:52,2
1114,3,False,2022-06-17 18:15:00,2022-06-17 18:17:53,0:02:53,9
1115,3,True,2022-06-17 18:18:26,2022-06-17 18:25:04,0:06:38,2
1118,3,False,2022-06-25 17:12:15,2022-06-25 17:15:23,0:03:08,0
1119,3,False,2022-06-25 17:15:53,2022-06-25 17:19:04,0:03:11,10
1120,3,True,2022-06-25 17:19:42,2022-06-25 17:26:52,0:07:10,4
1134,3,False,2022-07-08 18:57:37,2022-07-08 19:01:10,0:03:33,10
1135,3,False,2022-07-08 19:06:40,2022-07-08 19:10:38,0:03:58,13
1136,3,False,2022-07-08 19:12:48,2022-07-08 19:15:41,0:02:53,9
1137,3,False,2022-07-08 19:16:36,2022-07-08 19:19:14,0:02:38,8
1138,3,False,2022-07-08 19:21:25,2022-07-08 19:24:10,0:02:45,9
1139,3,False,2022-07-08 19:25:29,2022-07-08 19:25:43,0:00:14,8
1140,3,False,2022-07-08 19:26:15,2022-07-08 19:27:48,0:01:33,9
1141,3,False,2022-07-08 19:28:39,2022-07-08 19:31:47,0:03:08,9
1142,3,False,2022-07-08 19:32:25,2022-07-08 19:36:51,0:04:26,10
1143,3,False,2022-07-08 19:37:45,2022-07-08 19:40:18,0:02:33,8
1144,3,False,2022-07-08 19:40:50,2022-07-08 19:42:08,0:01:18,9
1145,3,False,2022-07-08 19:43:02,2022-07-08 19:45:53,0:02:51,10
1146,3,False,2022-07-08 19:47:10,2022-07-08 19:49:52,0:02:42,9
1147,3,False,2022-07-08 19:51:06,2022-07-08 19:53:48,0:02:42,10
1148,3,False,2022-07-08 19:54:26,2022-07-08 19:59:37,0:05:11,8
1149,3,True,2022-07-09 17:15:16,2022-07-09 17:22:17,0:07:01,4
1155,3,True,2022-07-09 17:59:39,2022-07-09 18:06:40,0:07:01,5
1158,3,False,2022-07-09 18:24:12,2022-07-09 18:31:07,0:06:55,9
1159,3,False,2022-07-09 18:31:42,2022-07-09 18:35:40,0:03:58,9
1160,3,False,2022-07-09 18:37:00,2022-07-09 18:39:53,0:02:53,10
1161,3,True,2022-07-09 18:40:42,2022-07-09 18:47:33,0:06:51,5
1168,3,False,2022-08-05 18:05:30,2022-08-05 18:08:11,0:02:41,8
1169,3,False,2022-08-05 18:08:36,2022-08-05 18:12:57,0:04:21,9
1170,3,False,2022-08-05 18:15:33,2022-08-05 18:19:37,0:04:04,9
1171,3,False,2022-08-05 18:20:17,2022-08-05 18:24:30,0:04:13,9
1172,3,False,2022-08-05 18:25:21,2022-08-05 18:32:33,0:07:12,10
1173,3,True,2022-08-05 18:33:38,2022-08-05 18:40:30,0:06:52,0
1191,3,False,2022-08-06 17:12:17,2022-08-06 17:15:01,0:02:44,10
1192,3,True,2022-08-06 17:15:38,2022-08-06 17:22:54,0:07:16,6
1213,3,False,2022-08-12 18:18:49,2022-08-12 18:19:53,0:01:04,8
1214,3,True,2022-08-12 18:20:31,2022-08-12 18:27:48,0:07:17,2
1234,3,False,2022-08-13 17:09:01,2022-08-13 17:10:20,0:01:19,8
1235,3,False,2022-08-13 17:10:52,2022-08-13 17:12:09,0:01:17,8
1236,3,False,2022-08-13 17:12:41,2022-08-13 17:13:54,0:01:13,8
1237,3,False,2022-08-13 17:14:26,2022-08-13 17:15:50,0:01:24,8
1238,3,True,2022-08-13 17:18:43,2022-08-13 17:25:52,0:07:09,4
1257,3,True,2022-08-13 19:06:23,2022-08-13 19:13:13,0:06:50,2
1274,3,True,2022-08-19 18:08:29,2022-08-19 18:15:29,0:07:00,1
686,4,False,2022-04-02 19:42:43,2022-04-02 19:43:22,0:00:39,8
687,4,False,2022-04-02 19:52:06,2022-04-02 19:53:19,0:01:13,8
688,4,False,2022-04-02 19:53:53,2022-04-02 19:55:08,0:01:15,8
689,4,False,2022-04-02 19:55:43,2022-04-02 19:56:57,0:01:14,8
690,4,False,2022-04-02 19:58:13,2022-04-02 19:59:33,0:01:20,8
691,4,False,2022-04-02 20:00:39,2022-04-02 20:02:43,0:02:04,10
712,4,False,2022-04-09 19:21:36,2022-04-09 19:21:44,0:00:08,8
713,4,False,2022-04-09 19:32:07,2022-04-09 19:33:14,0:01:07,8
714,4,False,2022-04-09 19:33:43,2022-04-09 19:35:49,0:02:06,10
715,4,False,2022-04-09 19:38:58,2022-04-09 19:40:12,0:01:14,8
716,4,False,2022-04-09 19:41:18,2022-04-09 19:42:42,0:01:24,8
717,4,False,2022-04-09 19:44:06,2022-04-09 19:45:28,0:01:22,9
718,4,False,2022-04-09 19:46:40,2022-04-09 19:48:40,0:02:00,8
719,4,False,2022-04-09 19:50:25,2022-04-09 19:51:46,0:01:21,8
720,4,False,2022-04-09 19:52:13,2022-04-09 19:53:37,0:01:24,8
721,4,False,2022-04-09 19:54:19,2022-04-09 19:56:27,0:02:08,8
722,4,False,2022-04-09 20:00:34,2022-04-09 20:02:40,0:02:06,8
781,4,False,2022-04-24 12:18:47,2022-04-24 12:18:57,0:00:10,8
782,4,False,2022-04-24 12:25:15,2022-04-24 12:25:24,0:00:09,8
783,4,False,2022-04-24 12:26:49,2022-04-24 12:28:58,0:02:09,8
784,4,False,2022-04-24 12:30:44,2022-04-24 12:32:55,0:02:11,9
785,4,False,2022-04-24 12:33:36,2022-04-24 12:35:44,0:02:08,8
786,4,False,2022-04-24 12:37:27,2022-04-24 12:37:49,0:00:22,8
787,4,False,2022-04-24 12:40:10,2022-04-24 12:41:25,0:01:15,8
788,4,False,2022-04-24 12:44:16,2022-04-24 12:44:26,0:00:10,8
789,4,False,2022-04-24 12:44:57,2022-04-24 12:46:58,0:02:01,8
790,4,False,2022-04-24 12:48:01,2022-04-24 12:50:03,0:02:02,8
791,4,False,2022-04-24 12:50:44,2022-04-24 12:52:58,0:02:14,8
792,4,False,2022-04-24 12:53:39,2022-04-24 12:56:38,0:02:59,8
793,4,False,2022-04-24 12:57:21,2022-04-24 12:57:30,0:00:09,8
794,4,False,2022-04-24 13:01:56,2022-04-24 13:05:28,0:03:32,8
795,4,False,2022-04-24 13:07:22,2022-04-24 13:09:30,0:02:08,8
796,4,False,2022-04-24 13:10:05,2022-04-24 13:12:23,0:02:18,8
797,4,False,2022-04-24 13:12:59,2022-04-24 13:15:13,0:02:14,9
798,4,False,2022-04-24 13:19:55,2022-04-24 13:22:02,0:02:07,8
799,4,False,2022-04-24 13:22:56,2022-04-24 13:26:50,0:03:54,10
800,4,False,2022-04-24 13:27:37,2022-04-24 13:30:38,0:03:01,8
801,4,False,2022-04-24 13:31:28,2022-04-24 13:35:33,0:04:05,10
802,4,False,2022-04-24 13:46:19,2022-04-24 13:49:26,0:03:07,8
803,4,False,2022-04-24 13:50:01,2022-04-24 13:54:10,0:04:09,9
804,4,False,2022-04-24 13:55:07,2022-04-24 13:59:19,0:04:12,9
805,4,False,2022-04-24 14:00:22,2022-04-24 14:02:44,0:02:22,8
806,4,False,2022-04-24 14:03:32,2022-04-24 14:07:46,0:04:14,10
807,4,False,2022-04-24 14:08:29,2022-04-24 14:11:06,0:02:37,10
809,4,False,2022-04-24 22:23:21,2022-04-24 22:24:00,0:00:39,8
810,4,False,2022-04-24 22:34:59,2022-04-24 22:37:07,0:02:08,9
811,4,False,2022-04-24 22:37:39,2022-04-24 22:39:56,0:02:17,9
812,4,False,2022-04-24 22:40:39,2022-04-24 22:42:54,0:02:15,8
813,4,False,2022-04-24 22:43:31,2022-04-24 22:46:30,0:02:59,15
814,4,False,2022-04-24 22:50:12,2022-04-24 22:52:44,0:02:32,9
815,4,False,2022-04-24 22:54:06,2022-04-24 22:56:31,0:02:25,8
816,4,False,2022-04-24 22:57:21,2022-04-24 22:59:40,0:02:19,8
817,4,False,2022-04-24 23:00:24,2022-04-24 23:02:37,0:02:13,8
818,4,False,2022-04-24 23:03:05,2022-04-24 23:05:40,0:02:35,8
819,4,False,2022-04-24 23:08:35,2022-04-24 23:11:33,0:02:58,8
820,4,False,2022-04-24 23:19:50,2022-04-24 23:23:03,0:03:13,10
821,4,False,2022-04-24 23:25:00,2022-04-24 23:27:13,0:02:13,8
822,4,False,2022-04-24 23:27:42,2022-04-24 23:31:14,0:03:32,9
823,4,False,2022-04-24 23:35:53,2022-04-24 23:38:56,0:03:03,9
824,4,False,2022-04-24 23:40:41,2022-04-24 23:44:46,0:04:05,11
825,4,False,2022-04-24 23:48:21,2022-04-24 23:52:12,0:03:51,8
826,4,False,2022-04-24 23:52:38,2022-04-24 23:57:03,0:04:25,13
827,4,False,2022-04-24 23:57:45,2022-04-25 00:00:53,0:03:08,12
828,4,False,2022-04-25 00:01:42,2022-04-25 00:03:56,0:02:14,8
829,4,False,2022-04-25 00:04:24,2022-04-25 00:07:54,0:03:30,11
830,4,False,2022-04-25 00:08:45,2022-04-25 00:12:58,0:04:13,8
871,4,False,2022-04-30 22:43:56,2022-04-30 22:44:04,0:00:08,7
872,4,False,2022-04-30 22:47:49,2022-04-30 22:49:07,0:01:18,8
873,4,False,2022-04-30 22:52:48,2022-04-30 22:54:52,0:02:04,8
874,4,False,2022-04-30 22:56:14,2022-04-30 22:58:26,0:02:12,8
875,4,False,2022-04-30 23:01:46,2022-04-30 23:03:55,0:02:09,8
876,4,False,2022-04-30 23:08:44,2022-04-30 23:10:49,0:02:05,9
877,4,False,2022-04-30 23:11:26,2022-04-30 23:13:44,0:02:18,9
878,4,False,2022-04-30 23:14:51,2022-04-30 23:16:59,0:02:08,8
879,4,False,2022-04-30 23:17:39,2022-04-30 23:19:47,0:02:08,8
880,4,False,2022-04-30 23:21:38,2022-04-30 23:23:47,0:02:09,8
918,4,False,2022-05-06 19:58:08,2022-05-06 19:58:23,0:00:15,8
919,4,False,2022-05-06 20:00:49,2022-05-06 20:02:49,0:02:00,9
920,4,False,2022-05-06 20:15:27,2022-05-06 20:17:28,0:02:01,9
926,4,False,2022-05-07 17:44:50,2022-05-07 17:44:58,0:00:08,8
927,4,False,2022-05-07 17:49:30,2022-05-07 17:51:36,0:02:06,10
928,4,False,2022-05-07 17:54:24,2022-05-07 17:55:42,0:01:18,8
929,4,False,2022-05-07 17:56:18,2022-05-07 17:58:33,0:02:15,8
930,4,False,2022-05-07 18:02:14,2022-05-07 18:04:34,0:02:20,9
931,4,False,2022-05-07 18:05:37,2022-05-07 18:07:52,0:02:15,8
932,4,False,2022-05-07 18:08:37,2022-05-07 18:10:52,0:02:15,8
933,4,False,2022-05-07 18:11:49,2022-05-07 18:13:51,0:02:02,8
934,4,False,2022-05-07 18:22:13,2022-05-07 18:24:22,0:02:09,8
935,4,False,2022-05-07 18:24:54,2022-05-07 18:27:15,0:02:21,8
936,4,False,2022-05-07 18:28:28,2022-05-07 18:31:19,0:02:51,8
937,4,False,2022-05-07 18:33:08,2022-05-07 18:35:19,0:02:11,9
938,4,False,2022-05-07 18:38:24,2022-05-07 18:40:42,0:02:18,8
939,4,False,2022-05-07 18:41:12,2022-05-07 18:43:31,0:02:19,8
940,4,False,2022-05-07 18:45:26,2022-05-07 18:47:33,0:02:07,8
941,4,False,2022-05-07 18:48:08,2022-05-07 18:50:26,0:02:18,8
942,4,False,2022-05-07 18:51:23,2022-05-07 18:53:33,0:02:10,8
943,4,False,2022-05-07 18:54:35,2022-05-07 18:56:48,0:02:13,8
944,4,False,2022-05-07 18:57:17,2022-05-07 18:59:25,0:02:08,8
945,4,False,2022-05-07 19:01:11,2022-05-07 19:03:19,0:02:08,8
946,4,False,2022-05-07 19:04:24,2022-05-07 19:07:19,0:02:55,9
953,4,False,2022-05-08 22:38:37,2022-05-08 22:38:43,0:00:06,7
954,4,False,2022-05-08 22:45:21,2022-05-08 22:46:34,0:01:13,8
955,4,False,2022-05-08 22:47:22,2022-05-08 22:49:31,0:02:09,8
956,4,False,2022-05-08 22:51:25,2022-05-08 22:53:37,0:02:12,8
957,4,False,2022-05-08 22:54:16,2022-05-08 22:56:37,0:02:21,8
958,4,False,2022-05-08 23:00:26,2022-05-08 23:02:45,0:02:19,8
959,4,False,2022-05-08 23:03:25,2022-05-08 23:05:32,0:02:07,9
960,4,False,2022-05-08 23:05:58,2022-05-08 23:07:20,0:01:22,8
961,4,False,2022-05-08 23:07:46,2022-05-08 23:10:44,0:02:58,11
962,4,False,2022-05-08 23:11:44,2022-05-08 23:15:02,0:03:18,11
963,4,False,2022-05-08 23:16:15,2022-05-08 23:16:34,0:00:19,8
964,4,False,2022-05-08 23:17:00,2022-05-08 23:19:13,0:02:13,9
965,4,False,2022-05-08 23:20:50,2022-05-08 23:23:14,0:02:24,9
966,4,False,2022-05-08 23:25:34,2022-05-08 23:27:39,0:02:05,8
967,4,False,2022-05-08 23:28:14,2022-05-08 23:30:30,0:02:16,9
968,4,False,2022-05-08 23:32:06,2022-05-08 23:34:15,0:02:09,8
973,4,False,2022-05-13 18:51:44,2022-05-13 18:51:53,0:00:09,8
974,4,False,2022-05-13 18:54:15,2022-05-13 18:56:33,0:02:18,8
975,4,False,2022-05-13 18:58:03,2022-05-13 18:59:16,0:01:13,8
976,4,False,2022-05-13 18:59:42,2022-05-13 19:02:41,0:02:59,9
977,4,False,2022-05-13 19:08:07,2022-05-13 19:11:10,0:03:03,8
978,4,False,2022-05-13 19:12:22,2022-05-13 19:14:23,0:02:01,9
979,4,False,2022-05-13 19:15:33,2022-05-13 19:17:50,0:02:17,8
980,4,False,2022-05-13 19:19:09,2022-05-13 19:21:39,0:02:30,8
981,4,False,2022-05-13 19:22:05,2022-05-13 19:25:18,0:03:13,10
982,4,False,2022-05-13 19:27:25,2022-05-13 19:30:31,0:03:06,8
983,4,False,2022-05-13 19:33:12,2022-05-13 19:37:28,0:04:16,8
984,4,False,2022-05-13 19:48:53,2022-05-13 19:53:06,0:04:13,12
985,4,False,2022-05-13 19:55:03,2022-05-13 19:58:16,0:03:13,8
987,4,False,2022-05-14 17:12:57,2022-05-14 17:13:12,0:00:15,7
988,4,False,2022-05-14 17:15:54,2022-05-14 17:17:09,0:01:15,8
989,4,False,2022-05-14 17:17:34,2022-05-14 17:20:51,0:03:17,10
990,4,False,2022-05-14 17:21:34,2022-05-14 17:24:46,0:03:12,11
991,4,False,2022-05-14 17:27:03,2022-05-14 17:30:16,0:03:13,8
992,4,False,2022-05-14 17:30:51,2022-05-14 17:33:00,0:02:09,8
993,4,False,2022-05-14 17:33:56,2022-05-14 17:36:18,0:02:22,8
994,4,False,2022-05-14 17:36:52,2022-05-14 17:39:16,0:02:24,10
995,4,False,2022-05-14 17:39:52,2022-05-14 17:44:06,0:04:14,14
996,4,False,2022-05-14 17:44:47,2022-05-14 17:48:00,0:03:13,8
997,4,False,2022-05-14 17:53:16,2022-05-14 17:55:35,0:02:19,8
998,4,False,2022-05-14 17:55:59,2022-05-14 17:59:12,0:03:13,8
999,4,False,2022-05-14 17:59:58,2022-05-14 18:03:01,0:03:03,8
1000,4,False,2022-05-14 18:03:52,2022-05-14 18:08:06,0:04:14,8
1001,4,False,2022-05-14 18:12:02,2022-05-14 18:16:28,0:04:26,8
1002,4,False,2022-05-14 18:17:52,2022-05-14 18:22:23,0:04:31,9
1003,4,False,2022-05-14 18:24:33,2022-05-14 18:29:14,0:04:41,8
1004,4,False,2022-05-14 18:29:46,2022-05-14 18:34:27,0:04:41,8
1005,4,False,2022-05-14 18:34:37,2022-05-14 18:34:49,0:00:12,8
1006,4,False,2022-05-14 18:37:36,2022-05-14 18:41:56,0:04:20,8
1007,4,False,2022-05-14 18:42:47,2022-05-14 18:49:28,0:06:41,9
1008,4,False,2022-05-14 18:54:21,2022-05-14 19:00:33,0:06:12,9
1013,4,False,2022-05-14 19:33:42,2022-05-14 19:33:56,0:00:14,8
1014,4,False,2022-05-14 19:34:58,2022-05-14 19:41:48,0:06:50,11
1015,4,False,2022-05-14 19:42:43,2022-05-14 19:45:41,0:02:58,8
1016,4,False,2022-05-14 19:47:10,2022-05-14 19:51:51,0:04:41,9
1017,4,False,2022-05-14 19:52:21,2022-05-14 19:58:16,0:05:55,10
1030,4,False,2022-05-20 18:17:36,2022-05-20 18:17:48,0:00:12,8
1031,4,False,2022-05-20 18:21:43,2022-05-20 18:24:42,0:02:59,8
1032,4,False,2022-05-20 18:25:39,2022-05-20 18:28:54,0:03:15,8
1033,4,False,2022-05-20 18:29:29,2022-05-20 18:32:40,0:03:11,8
1034,4,False,2022-05-20 18:33:40,2022-05-20 18:39:39,0:05:59,11
1035,4,False,2022-05-20 18:45:12,2022-05-20 18:47:18,0:02:06,9
1036,4,False,2022-05-20 18:47:41,2022-05-20 18:50:55,0:03:14,8
1037,4,False,2022-05-20 18:51:23,2022-05-20 18:56:04,0:04:41,10
1038,4,False,2022-05-20 18:56:30,2022-05-20 19:01:25,0:04:55,8
1039,4,False,2022-05-20 19:02:49,2022-05-20 19:04:05,0:01:16,8
1040,4,False,2022-05-20 19:04:33,2022-05-20 19:08:46,0:04:13,8
1041,4,False,2022-05-20 19:09:36,2022-05-20 19:13:47,0:04:11,9
1042,4,False,2022-05-20 19:15:20,2022-05-20 19:17:31,0:02:11,8
1043,4,False,2022-05-20 19:18:00,2022-05-20 19:20:09,0:02:09,8
1044,4,False,2022-05-20 19:22:54,2022-05-20 19:26:07,0:03:13,8
1045,4,False,2022-05-20 19:26:41,2022-05-20 19:33:40,0:06:59,8
1046,4,False,2022-05-20 19:36:59,2022-05-20 19:37:16,0:00:17,8
1047,4,False,2022-05-20 19:37:45,2022-05-20 19:44:29,0:06:44,9
1048,4,False,2022-05-20 19:47:03,2022-05-20 19:51:44,0:04:41,8
1049,4,False,2022-05-20 19:52:07,2022-05-20 19:59:05,0:06:58,9
1050,4,False,2022-05-20 20:00:31,2022-05-20 20:07:23,0:06:52,9
1057,4,False,2022-05-21 17:44:20,2022-05-21 17:44:26,0:00:06,8
1058,4,False,2022-05-21 17:47:04,2022-05-21 17:50:17,0:03:13,11
1059,4,False,2022-05-21 17:51:01,2022-05-21 17:53:16,0:02:15,8
1060,4,False,2022-05-21 17:54:35,2022-05-21 17:58:55,0:04:20,8
1061,4,False,2022-05-21 18:02:19,2022-05-21 18:04:34,0:02:15,8
1062,4,False,2022-05-21 18:06:08,2022-05-21 18:08:23,0:02:15,8
1063,4,False,2022-05-21 18:08:56,2022-05-21 18:11:13,0:02:17,8
1064,4,False,2022-05-21 18:11:38,2022-05-21 18:14:49,0:03:11,8
1065,4,False,2022-05-21 18:15:31,2022-05-21 18:22:14,0:06:43,11
1066,4,False,2022-05-21 18:23:34,2022-05-21 18:32:05,0:08:31,9
1067,4,False,2022-05-21 18:33:27,2022-05-21 18:41:29,0:08:02,8
1068,4,False,2022-05-21 18:43:20,2022-05-21 18:44:43,0:01:23,8
1069,4,False,2022-05-21 18:46:52,2022-05-21 18:51:11,0:04:19,9
1070,4,False,2022-05-21 18:51:35,2022-05-21 18:53:54,0:02:19,8
1073,4,False,2022-05-21 19:13:48,2022-05-21 19:13:54,0:00:06,7
1074,4,False,2022-05-21 19:14:25,2022-05-21 19:17:24,0:02:59,8
1075,4,False,2022-05-21 19:18:00,2022-05-21 19:22:41,0:04:41,8
1076,4,False,2022-05-21 19:23:03,2022-05-21 19:26:04,0:03:01,8
1077,4,False,2022-05-21 19:26:24,2022-05-21 19:33:00,0:06:36,12
1078,4,False,2022-05-21 19:33:41,2022-05-21 19:34:54,0:01:13,8
1079,4,False,2022-05-21 19:36:18,2022-05-21 19:39:20,0:03:02,8
1080,4,False,2022-05-21 19:40:03,2022-05-21 19:48:33,0:08:30,12
1081,4,False,2022-05-21 19:49:54,2022-05-21 19:52:57,0:03:03,8
1082,4,False,2022-05-21 19:53:23,2022-05-21 20:00:36,0:07:13,12
1083,4,False,2022-05-21 20:01:17,2022-05-21 20:03:23,0:02:06,8
1084,4,False,2022-05-21 20:03:52,2022-05-21 20:06:50,0:02:58,8
1085,4,True,2022-05-21 20:07:16,2022-05-21 20:15:28,0:08:12,0
1098,4,False,2022-05-28 17:25:56,2022-05-28 17:26:07,0:00:11,6
1099,4,False,2022-05-28 17:28:40,2022-05-28 17:31:46,0:03:06,11
1100,4,False,2022-05-28 17:32:44,2022-05-28 17:34:53,0:02:09,8
1101,4,False,2022-05-28 17:35:25,2022-05-28 17:40:06,0:04:41,9
1102,4,False,2022-05-28 17:41:12,2022-05-28 17:48:03,0:06:51,10
1103,4,False,2022-05-28 17:48:54,2022-05-28 17:53:14,0:04:20,8
1104,4,False,2022-05-28 17:54:02,2022-05-28 18:02:03,0:08:01,8
1105,4,False,2022-05-28 18:03:56,2022-05-28 18:12:08,0:08:12,11
1106,4,False,2022-05-28 18:16:24,2022-05-28 18:21:06,0:04:42,8
1107,4,True,2022-05-28 18:22:04,2022-05-28 18:30:25,0:08:21,5
1109,4,False,2022-06-03 18:14:20,2022-06-03 18:14:30,0:00:10,7
1110,4,False,2022-06-03 18:17:08,2022-06-03 18:24:56,0:07:48,9
1111,4,False,2022-06-03 18:26:43,2022-06-03 18:29:50,0:03:07,8
1112,4,False,2022-06-03 18:30:17,2022-06-03 18:37:57,0:07:40,8
1113,4,True,2022-06-03 18:39:07,2022-06-03 18:46:55,0:07:48,0
1116,4,False,2022-06-17 18:25:39,2022-06-17 18:26:02,0:00:23,7
1117,4,True,2022-06-17 18:28:39,2022-06-17 18:36:30,0:07:51,1
1121,4,False,2022-06-25 17:27:28,2022-06-25 17:27:33,0:00:05,6
1122,4,False,2022-06-25 17:28:15,2022-06-25 17:32:37,0:04:22,8
1123,4,True,2022-06-25 17:33:21,2022-06-25 17:41:06,0:07:45,1
1150,4,False,2022-07-09 17:22:53,2022-07-09 17:23:02,0:00:09,6
1151,4,False,2022-07-09 17:27:52,2022-07-09 17:30:02,0:02:10,9
1152,4,False,2022-07-09 17:30:43,2022-07-09 17:32:51,0:02:08,8
1153,4,False,2022-07-09 17:36:41,2022-07-09 17:38:50,0:02:09,9
1154,4,False,2022-07-09 17:40:40,2022-07-09 17:43:46,0:03:06,11
1156,4,False,2022-07-09 18:07:15,2022-07-09 18:07:22,0:00:07,5
1157,4,True,2022-07-09 18:09:53,2022-07-09 18:17:58,0:08:05,0
1162,4,False,2022-07-09 18:48:10,2022-07-09 18:48:15,0:00:05,3
1163,4,False,2022-07-09 18:49:02,2022-07-09 18:50:39,0:01:37,9
1164,4,False,2022-07-09 18:51:14,2022-07-09 18:53:44,0:02:30,9
1165,4,False,2022-07-09 18:54:23,2022-07-09 18:58:46,0:04:23,12
1166,4,False,2022-07-09 19:00:17,2022-07-09 19:01:33,0:01:16,8
1167,4,False,2022-07-09 19:02:50,2022-07-09 19:07:16,0:04:26,9
1174,4,False,2022-08-05 18:41:05,2022-08-05 18:41:14,0:00:09,8
1175,4,False,2022-08-05 18:45:47,2022-08-05 18:48:02,0:02:15,10
1176,4,False,2022-08-05 18:48:51,2022-08-05 18:51:09,0:02:18,8
1177,4,False,2022-08-05 18:51:50,2022-08-05 18:53:59,0:02:09,8
1178,4,False,2022-08-05 18:55:00,2022-08-05 18:59:13,0:04:13,12
1179,4,False,2022-08-05 19:02:48,2022-08-05 19:04:10,0:01:22,8
1180,4,False,2022-08-05 19:06:10,2022-08-05 19:08:27,0:02:17,9
1181,4,False,2022-08-05 19:08:54,2022-08-05 19:11:10,0:02:16,8
1182,4,False,2022-08-05 19:11:34,2022-08-05 19:13:57,0:02:23,8
1183,4,False,2022-08-05 19:14:25,2022-08-05 19:20:24,0:05:59,8
1184,4,False,2022-08-05 19:21:35,2022-08-05 19:23:49,0:02:14,8
1185,4,False,2022-08-05 19:24:27,2022-08-05 19:26:37,0:02:10,8
1186,4,False,2022-08-05 19:27:03,2022-08-05 19:29:29,0:02:26,9
1187,4,False,2022-08-05 19:32:06,2022-08-05 19:33:21,0:01:15,8
1188,4,False,2022-08-05 19:33:47,2022-08-05 19:40:40,0:06:53,9
1189,4,False,2022-08-05 19:42:16,2022-08-05 19:44:32,0:02:16,8
1190,4,False,2022-08-05 19:46:23,2022-08-05 19:54:53,0:08:30,11
1193,4,False,2022-08-06 17:23:30,2022-08-06 17:23:38,0:00:08,4
1194,4,False,2022-08-06 17:34:42,2022-08-06 17:36:58,0:02:16,8
1195,4,False,2022-08-06 17:38:09,2022-08-06 17:40:30,0:02:21,8
1196,4,False,2022-08-06 17:44:22,2022-08-06 17:46:39,0:02:17,8
1197,4,False,2022-08-06 17:47:32,2022-08-06 17:48:46,0:01:14,8
1198,4,False,2022-08-06 17:49:20,2022-08-06 17:51:33,0:02:13,9
1199,4,False,2022-08-06 17:52:28,2022-08-06 17:55:34,0:03:06,8
1200,4,False,2022-08-06 17:56:33,2022-08-06 17:59:31,0:02:58,10
1201,4,False,2022-08-06 18:04:41,2022-08-06 18:06:01,0:01:20,8
1202,4,False,2022-08-06 18:12:06,2022-08-06 18:16:18,0:04:12,13
1203,4,False,2022-08-06 18:18:27,2022-08-06 18:22:39,0:04:12,10
1204,4,False,2022-08-06 18:25:27,2022-08-06 18:28:54,0:03:27,9
1205,4,False,2022-08-06 18:29:30,2022-08-06 18:32:43,0:03:13,8
1206,4,False,2022-08-06 18:34:43,2022-08-06 18:37:57,0:03:14,8
1207,4,False,2022-08-06 18:39:12,2022-08-06 18:43:03,0:03:51,11
1208,4,False,2022-08-06 18:43:43,2022-08-06 18:45:58,0:02:15,9
1209,4,False,2022-08-06 18:46:31,2022-08-06 18:50:41,0:04:10,10
1210,4,False,2022-08-06 18:51:26,2022-08-06 18:58:20,0:06:54,14
1211,4,False,2022-08-06 19:03:56,2022-08-06 19:05:11,0:01:15,8
1212,4,False,2022-08-06 19:05:36,2022-08-06 19:07:59,0:02:23,9
1215,4,False,2022-08-12 18:28:24,2022-08-12 18:28:33,0:00:09,6
1216,4,False,2022-08-12 18:36:27,2022-08-12 18:39:24,0:02:57,10
1217,4,False,2022-08-12 18:40:34,2022-08-12 18:43:32,0:02:58,9
1218,4,False,2022-08-12 18:44:25,2022-08-12 18:48:30,0:04:05,11
1219,4,False,2022-08-12 18:54:57,2022-08-12 18:57:08,0:02:11,8
1220,4,False,2022-08-12 18:57:44,2022-08-12 18:59:00,0:01:16,8
1221,4,False,2022-08-12 18:59:34,2022-08-12 19:00:48,0:01:14,8
1222,4,False,2022-08-12 19:02:33,2022-08-12 19:08:32,0:05:59,13
1223,4,False,2022-08-12 19:11:16,2022-08-12 19:15:58,0:04:42,9
1224,4,False,2022-08-12 19:16:31,2022-08-12 19:18:49,0:02:18,8
1225,4,False,2022-08-12 19:19:27,2022-08-12 19:26:17,0:06:50,8
1226,4,False,2022-08-12 19:29:51,2022-08-12 19:34:32,0:04:41,8
1227,4,False,2022-08-12 19:35:39,2022-08-12 19:38:49,0:03:10,8
1228,4,False,2022-08-12 19:39:21,2022-08-12 19:40:37,0:01:16,8
1229,4,False,2022-08-12 19:41:09,2022-08-12 19:44:22,0:03:13,10
1230,4,False,2022-08-12 19:44:56,2022-08-12 19:47:15,0:02:19,8
1231,4,False,2022-08-12 19:47:49,2022-08-12 19:50:53,0:03:04,9
1232,4,False,2022-08-12 19:51:35,2022-08-12 19:53:44,0:02:09,8
1233,4,False,2022-08-12 19:54:32,2022-08-12 20:01:26,0:06:54,10
1239,4,False,2022-08-13 17:26:28,2022-08-13 17:26:36,0:00:08,8
1240,4,False,2022-08-13 17:28:30,2022-08-13 17:30:41,0:02:11,8
1241,4,False,2022-08-13 17:31:14,2022-08-13 17:34:26,0:03:12,8
1242,4,False,2022-08-13 17:36:05,2022-08-13 17:43:32,0:07:27,13
1243,4,False,2022-08-13 17:45:22,2022-08-13 17:46:45,0:01:23,9
1244,4,False,2022-08-13 17:47:20,2022-08-13 17:55:00,0:07:40,8
1245,4,False,2022-08-13 17:58:06,2022-08-13 18:06:35,0:08:29,9
1246,4,False,2022-08-13 18:08:07,2022-08-13 18:10:14,0:02:07,8
1247,4,False,2022-08-13 18:10:47,2022-08-13 18:15:16,0:04:29,8
1248,4,False,2022-08-13 18:15:29,2022-08-13 18:15:39,0:00:10,8
1249,4,False,2022-08-13 18:16:13,2022-08-13 18:23:23,0:07:10,10
1250,4,False,2022-08-13 18:25:25,2022-08-13 18:30:06,0:04:41,11
1251,4,False,2022-08-13 18:33:28,2022-08-13 18:35:43,0:02:15,8
1252,4,False,2022-08-13 18:36:14,2022-08-13 18:40:34,0:04:20,8
1253,4,False,2022-08-13 18:43:12,2022-08-13 18:46:14,0:03:02,8
1254,4,False,2022-08-13 18:47:04,2022-08-13 18:49:12,0:02:08,8
1255,4,False,2022-08-13 18:49:46,2022-08-13 18:52:05,0:02:19,8
1256,4,False,2022-08-13 18:52:40,2022-08-13 18:59:42,0:07:02,9
1258,4,False,2022-08-13 19:13:49,2022-08-13 19:14:12,0:00:23,8
1259,4,False,2022-08-13 19:15:38,2022-08-13 19:17:53,0:02:15,8
1260,4,False,2022-08-13 19:18:37,2022-08-13 19:23:18,0:04:41,8
1261,4,False,2022-08-13 19:23:49,2022-08-13 19:31:37,0:07:48,10
1262,4,False,2022-08-13 19:32:16,2022-08-13 19:40:09,0:07:53,9
1263,4,True,2022-08-13 19:43:17,2022-08-13 19:51:01,0:07:44,0
1275,4,False,2022-08-19 18:16:05,2022-08-19 18:16:25,0:00:20,8
1276,4,False,2022-08-19 18:19:17,2022-08-19 18:26:19,0:07:02,9
1277,4,False,2022-08-19 18:26:52,2022-08-19 18:30:04,0:03:12,9
1278,4,False,2022-08-19 18:30:17,2022-08-19 18:30:23,0:00:06,8
1279,4,False,2022-08-19 18:30:54,2022-08-19 18:38:06,0:07:12,9
1280,4,False,2022-08-19 18:38:45,2022-08-19 18:46:26,0:07:41,9
1281,4,True,2022-08-19 18:47:05,2022-08-19 18:54:43,0:07:38,1
